Site,Subsite,Plot,Quadrat,Latitude_dd,Longitude_dd,Elevation_m,Year,Month,Day,Area_m2,Biomass_g_per_m2,Biomass_g_per_m2_se,Date,doy
LUMCON,LUM1,1A,NA,29.255,-90.66472222222222,0.3483,2021,1,27,0.25,239.0107012766309,23.29457750324788,2021-01-27,27
LUMCON,LUM1,1A,NA,29.255,-90.66472222222222,0.3483,2021,2,23,0.25,80.29687201777686,9.324930762383664,2021-02-23,54
LUMCON,LUM1,1A,NA,29.255,-90.66472222222222,0.3483,2021,4,2,0.25,130.71226219452598,19.70180547554561,2021-04-02,92
LUMCON,LUM1,1A,NA,29.255,-90.66472222222222,0.3483,2021,5,7,0.25,182.71755310142672,25.114149712035708,2021-05-07,127
LUMCON,LUM1,1A,NA,29.255,-90.66472222222222,0.3483,2021,6,2,0.25,261.602224629558,25.35630664930775,2021-06-02,153
LUMCON,LUM1,1A,NA,29.255,-90.66472222222222,0.3483,2021,7,22,0.25,307.0051987456661,28.754906479848167,2021-07-22,203
LUMCON,LUM1,1A,NA,29.255,-90.66472222222222,0.3483,2021,8,10,0.25,343.9039030922236,32.59437021112371,2021-08-10,222
LUMCON,LUM1,1A,NA,29.255,-90.66472222222222,0.3483,2021,9,23,0.25,392.60446685791936,46.18228715014803,2021-09-23,266
LUMCON,LUM1,1A,NA,29.255,-90.66472222222222,0.3483,2021,10,28,0.25,429.99561169912687,47.325428635338305,2021-10-28,301
LUMCON,LUM1,1A,NA,29.255,-90.66472222222222,0.3483,2021,11,16,0.25,364.2233666096748,43.31669737360448,2021-11-16,320
LUMCON,LUM1,1A,NA,29.255,-90.66472222222222,0.3483,2021,12,16,0.25,147.78379355996958,15.111464612533103,2021-12-16,350
LUMCON,LUM1,1A,NA,29.255,-90.66472222222222,0.3483,2022,1,31,0.25,98.29564339957707,8.932180094350983,2022-01-31,31
LUMCON,LUM1,1A,NA,29.255,-90.66472222222222,0.3483,2022,2,24,0.25,133.530129431464,11.292888731535331,2022-02-24,55
LUMCON,LUM1,1A,NA,29.255,-90.66472222222222,0.3483,2022,3,31,0.25,110.91566971931408,15.13182693609575,2022-03-31,90
LUMCON,LUM1,1A,NA,29.255,-90.66472222222222,0.3483,2022,4,28,0.25,150.71468202985332,20.9060084426797,2022-04-28,118
LUMCON,LUM1,1A,NA,29.255,-90.66472222222222,0.3483,2022,6,9,0.25,195.92579650419165,21.455116642069704,2022-06-09,160
LUMCON,LUM1,1A,NA,29.255,-90.66472222222222,0.3483,2022,8,16,0.25,174.22450913175,19.87574135506412,2022-08-16,228
LUMCON,LUM1,1A,NA,29.255,-90.66472222222222,0.3483,2022,9,19,0.25,141.12188588956428,19.84139086120391,2022-09-19,262
LUMCON,LUM1,1A,NA,29.255,-90.66472222222222,0.3483,2022,10,14,0.25,129.40095866502287,19.591339614017656,2022-10-14,287
LUMCON,LUM1,1A,NA,29.255,-90.66472222222222,0.3483,2022,11,10,0.25,120.96727423430688,18.589792611456037,2022-11-10,314
LUMCON,LUM1,1A,NA,29.255,-90.66472222222222,0.3483,2022,12,15,0.25,64.81608667536476,8.307986955825504,2022-12-15,349
LUMCON,LUM1,1B,NA,29.255,-90.66472222222222,0.3483,2021,1,27,0.25,64.808944829695875,8.576148771332713,2021-01-27,27
LUMCON,LUM1,1B,NA,29.255,-90.66472222222222,0.3483,2021,2,23,0.25,54.81250566000923,6.597638067550992,2021-02-23,54
LUMCON,LUM1,1B,NA,29.255,-90.66472222222222,0.3483,2021,4,2,0.25,64.5180927604064,13.882776455739991,2021-04-02,92
LUMCON,LUM1,1B,NA,29.255,-90.66472222222222,0.3483,2021,5,7,0.25,73.3118480945723,15.27116646520146,2021-05-07,127
LUMCON,LUM1,1B,NA,29.255,-90.66472222222222,0.3483,2021,6,2,0.25,106.34211988111171,15.64394619444892,2021-06-02,153
LUMCON,LUM1,1B,NA,29.255,-90.66472222222222,0.3483,2021,7,22,0.25,211.38229189270265,23.470052024529988,2021-07-22,203
LUMCON,LUM1,1B,NA,29.255,-90.66472222222222,0.3483,2021,8,10,0.25,218.0539332164077,24.59649520727364,2021-08-10,222
LUMCON,LUM1,1B,NA,29.255,-90.66472222222222,0.3483,2021,9,23,0.25,341.6785361931296,41.24676777225456,2021-09-23,266
LUMCON,LUM1,1B,NA,29.255,-90.66472222222222,0.3483,2021,10,28,0.25,376.0891027165296,42.36538549335003,2021-10-28,301
LUMCON,LUM1,1B,NA,29.255,-90.66472222222222,0.3483,2021,11,16,0.25,218.09103410132565,26.85271903983272,2021-11-16,320
LUMCON,LUM1,1B,NA,29.255,-90.66472222222222,0.3483,2021,12,16,0.25,114.5831604427886,9.13155305008001,2021-12-16,350
LUMCON,LUM1,1B,NA,29.255,-90.66472222222222,0.3483,2022,1,31,0.25,115.51766411727748,9.900482403475024,2022-01-31,31
LUMCON,LUM1,1B,NA,29.255,-90.66472222222222,0.3483,2022,2,24,0.25,105.55936918323768,9.91829088468577,2022-02-24,55
LUMCON,LUM1,1B,NA,29.255,-90.66472222222222,0.3483,2022,3,31,0.25,112.0355978703352,16.843872190125644,2022-03-31,90
LUMCON,LUM1,1B,NA,29.255,-90.66472222222222,0.3483,2022,4,28,0.25,100.52742701264042,17.426430473689084,2022-04-28,118
LUMCON,LUM1,1B,NA,29.255,-90.66472222222222,0.3483,2022,6,9,0.25,111.35330748916913,16.710184503120292,2022-06-09,160
LUMCON,LUM1,1B,NA,29.255,-90.66472222222222,0.3483,2022,8,16,0.25,129.20035226835478,17.14435145874575,2022-08-16,228
LUMCON,LUM1,1B,NA,29.255,-90.66472222222222,0.3483,2022,9,19,0.25,101.44390010710222,17.33310526688572,2022-09-19,262
LUMCON,LUM1,1B,NA,29.255,-90.66472222222222,0.3483,2022,10,14,0.25,89.38427514516101,15.22286126243282,2022-10-14,287
LUMCON,LUM1,1B,NA,29.255,-90.66472222222222,0.3483,2022,11,10,0.25,68.7932096633085,12.339672541222823,2022-11-10,314
LUMCON,LUM1,1B,NA,29.255,-90.66472222222222,0.3483,2022,12,15,0.25,53.00429458489398,7.549065287037052,2022-12-15,349
LUMCON,LUM1,2A,NA,29.255,-90.66444444444446,0.3483,2021,1,27,0.25,89.20808332391566,11.742687056053937,2021-01-27,27
LUMCON,LUM1,2A,NA,29.255,-90.66444444444446,0.3483,2021,2,23,0.25,87.98398293867747,10.56893127272068,2021-02-23,54
LUMCON,LUM1,2A,NA,29.255,-90.66444444444446,0.3483,2021,4,2,0.25,72.02524402640137,11.688712627730474,2021-04-02,92
LUMCON,LUM1,2A,NA,29.255,-90.66444444444446,0.3483,2021,5,7,0.25,129.17469906631408,18.287088371492196,2021-05-07,127
LUMCON,LUM1,2A,NA,29.255,-90.66444444444446,0.3483,2021,6,2,0.25,191.91303369642264,19.36630789996506,2021-06-02,153
LUMCON,LUM1,2A,NA,29.255,-90.66444444444446,0.3483,2021,7,22,0.25,253.74176068365705,26.333463808069133,2021-07-22,203
LUMCON,LUM1,2A,NA,29.255,-90.66444444444446,0.3483,2021,8,10,0.25,286.24525032337647,28.961100849981992,2021-08-10,222
LUMCON,LUM1,2A,NA,29.255,-90.66444444444446,0.3483,2021,9,23,0.25,281.620170131558,34.55513900653737,2021-09-23,266
LUMCON,LUM1,2A,NA,29.255,-90.66444444444446,0.3483,2021,10,28,0.25,285.281617767739,32.9960036673422,2021-10-28,301
LUMCON,LUM1,2A,NA,29.255,-90.66444444444446,0.3483,2021,11,16,0.25,277.6513798451157,31.892759827720592,2021-11-16,320
LUMCON,LUM1,2A,NA,29.255,-90.66444444444446,0.3483,2021,12,16,0.25,228.1135137112435,22.073271603809346,2021-12-16,350
LUMCON,LUM1,2A,NA,29.255,-90.66444444444446,0.3483,2022,1,31,0.25,76.90347872509953,8.437087104063965,2022-01-31,31
LUMCON,LUM1,2A,NA,29.255,-90.66444444444446,0.3483,2022,2,24,0.25,77.96405338363284,7.377420124778493,2022-02-24,55
LUMCON,LUM1,2A,NA,29.255,-90.66444444444446,0.3483,2022,3,31,0.25,103.3426533280788,13.3054322506291,2022-03-31,90
LUMCON,LUM1,2A,NA,29.255,-90.66444444444446,0.3483,2022,4,28,0.25,85.64532012448579,12.867583546602674,2022-04-28,118
LUMCON,LUM1,2A,NA,29.255,-90.66444444444446,0.3483,2022,6,9,0.25,170.50130361070228,17.28747744460414,2022-06-09,160
LUMCON,LUM1,2A,NA,29.255,-90.66444444444446,0.3483,2022,8,16,0.25,226.9499930126269,21.32875334446815,2022-08-16,228
LUMCON,LUM1,2A,NA,29.255,-90.66444444444446,0.3483,2022,9,19,0.25,213.46298479929456,24.20660390440545,2022-09-19,262
LUMCON,LUM1,2A,NA,29.255,-90.66444444444446,0.3483,2022,10,14,0.25,203.25922991972936,22.88841618586244,2022-10-14,287
LUMCON,LUM1,2A,NA,29.255,-90.66444444444446,0.3483,2022,11,10,0.25,157.28828921109405,18.838471532054236,2022-11-10,314
LUMCON,LUM1,2A,NA,29.255,-90.66444444444446,0.3483,2022,12,15,0.25,117.74470272080598,11.520997979333265,2022-12-15,349
LUMCON,LUM1,2B,NA,29.255,-90.66444444444446,0.3483,2021,1,27,0.25,87.0978058297495,9.940263666283052,2021-01-27,27
LUMCON,LUM1,2B,NA,29.255,-90.66444444444446,0.3483,2021,2,23,0.25,76.92678430941092,7.5909164708083106,2021-02-23,54
LUMCON,LUM1,2B,NA,29.255,-90.66444444444446,0.3483,2021,4,2,0.25,93.11939373385796,13.992267653045404,2021-04-02,92
LUMCON,LUM1,2B,NA,29.255,-90.66444444444446,0.3483,2021,5,7,0.25,68.27123204080048,13.155362649334045,2021-05-07,127
LUMCON,LUM1,2B,NA,29.255,-90.66444444444446,0.3483,2021,6,2,0.25,101.51913994726654,13.982562934233403,2021-06-02,153
LUMCON,LUM1,2B,NA,29.255,-90.66444444444446,0.3483,2021,7,22,0.25,112.80765942433266,14.136382297142775,2021-07-22,203
LUMCON,LUM1,2B,NA,29.255,-90.66444444444446,0.3483,2021,8,10,0.25,164.9073037290723,19.650970818526694,2021-08-10,222
LUMCON,LUM1,2B,NA,29.255,-90.66444444444446,0.3483,2021,9,23,0.25,192.44922244059217,23.21896831662711,2021-09-23,266
LUMCON,LUM1,2B,NA,29.255,-90.66444444444446,0.3483,2021,10,28,0.25,205.2300894528655,23.758223823551983,2021-10-28,301
LUMCON,LUM1,2B,NA,29.255,-90.66444444444446,0.3483,2021,11,16,0.25,198.31668084852143,22.272380839198213,2021-11-16,320
LUMCON,LUM1,2B,NA,29.255,-90.66444444444446,0.3483,2021,12,16,0.25,138.89130409685313,13.706651822228515,2021-12-16,350
LUMCON,LUM1,2B,NA,29.255,-90.66444444444446,0.3483,2022,1,31,0.25,68.3740947236132,7.359459994364073,2022-01-31,31
LUMCON,LUM1,2B,NA,29.255,-90.66444444444446,0.3483,2022,2,24,0.25,55.79035064278985,6.4860815287954745,2022-02-24,55
LUMCON,LUM1,2B,NA,29.255,-90.66444444444446,0.3483,2022,3,31,0.25,44.86405025567686,9.467455275102948,2022-03-31,90
LUMCON,LUM1,2B,NA,29.255,-90.66444444444446,0.3483,2022,4,28,0.25,41.37462157472955,10.064026909884785,2022-04-28,118
LUMCON,LUM1,2B,NA,29.255,-90.66444444444446,0.3483,2022,6,9,0.25,94.44228320843352,13.90610531112194,2022-06-09,160
LUMCON,LUM1,2B,NA,29.255,-90.66444444444446,0.3483,2022,8,16,0.25,114.4593777711856,14.182315074483675,2022-08-16,228
LUMCON,LUM1,2B,NA,29.255,-90.66444444444446,0.3483,2022,9,19,0.25,113.31414894494692,15.44407793300633,2022-09-19,262
LUMCON,LUM1,2B,NA,29.255,-90.66444444444446,0.3483,2022,10,14,0.25,91.48608147222347,13.67321476977151,2022-10-14,287
LUMCON,LUM1,2B,NA,29.255,-90.66444444444446,0.3483,2022,11,10,0.25,87.22722900586741,12.946175130181642,2022-11-10,314
LUMCON,LUM1,2B,NA,29.255,-90.66444444444446,0.3483,2022,12,15,0.25,48.67740572224819,6.409984749461365,2022-12-15,349
LUMCON,LUM2,1A,NA,29.255555555555556,-90.66833333333334,0.3319,2021,1,28,0.25,120.40584583635516,12.441624319436205,2021-01-28,28
LUMCON,LUM2,1A,NA,29.255555555555556,-90.66833333333334,0.3319,2021,2,24,0.25,140.99967287663995,13.82609191375847,2021-02-24,55
LUMCON,LUM2,1A,NA,29.255555555555556,-90.66833333333334,0.3319,2021,4,2,0.25,116.1955457483626,17.991681734075257,2021-04-02,92
LUMCON,LUM2,1A,NA,29.255555555555556,-90.66833333333334,0.3319,2021,5,7,0.25,136.11737897130928,21.190936028421824,2021-05-07,127
LUMCON,LUM2,1A,NA,29.255555555555556,-90.66833333333334,0.3319,2021,6,2,0.25,197.63644079065512,21.476843575969458,2021-06-02,153
LUMCON,LUM2,1A,NA,29.255555555555556,-90.66833333333334,0.3319,2021,7,21,0.25,311.18271191066447,26.14469725274167,2021-07-21,202
LUMCON,LUM2,1A,NA,29.255555555555556,-90.66833333333334,0.3319,2021,8,11,0.25,347.12326852760623,28.509427619015156,2021-08-11,223
LUMCON,LUM2,1A,NA,29.255555555555556,-90.66833333333334,0.3319,2021,9,23,0.25,354.22182531404815,34.06778615675549,2021-09-23,266
LUMCON,LUM2,1A,NA,29.255555555555556,-90.66833333333334,0.3319,2021,10,29,0.25,314.2428827402341,31.969224624645147,2021-10-29,302
LUMCON,LUM2,1A,NA,29.255555555555556,-90.66833333333334,0.3319,2021,11,16,0.25,256.1726095067605,26.92301379709371,2021-11-16,320
LUMCON,LUM2,1A,NA,29.255555555555556,-90.66833333333334,0.3319,2021,12,16,0.25,245.38300857362623,20.5545850920517,2021-12-16,350
LUMCON,LUM2,1A,NA,29.255555555555556,-90.66833333333334,0.3319,2022,1,31,0.25,209.05577705218,16.522860874746957,2022-01-31,31
LUMCON,LUM2,1A,NA,29.255555555555556,-90.66833333333334,0.3319,2022,2,24,0.25,190.40793027449797,14.2539490513339,2022-02-24,55
LUMCON,LUM2,1A,NA,29.255555555555556,-90.66833333333334,0.3319,2022,3,28,0.25,211.98460405131888,20.845324422817914,2022-03-28,87
LUMCON,LUM2,1A,NA,29.255555555555556,-90.66833333333334,0.3319,2022,4,27,0.25,172.2915895794306,18.446059878281364,2022-04-27,117
LUMCON,LUM2,1A,NA,29.255555555555556,-90.66833333333334,0.3319,2022,6,9,0.25,265.9878645400372,22.45037454939629,2022-06-09,160
LUMCON,LUM2,1A,NA,29.255555555555556,-90.66833333333334,0.3319,2022,8,16,0.25,377.6178807194188,27.48005787876298,2022-08-16,228
LUMCON,LUM2,1A,NA,29.255555555555556,-90.66833333333334,0.3319,2022,9,20,0.25,281.513368273355,30.89724172953623,2022-09-20,263
LUMCON,LUM2,1A,NA,29.255555555555556,-90.66833333333334,0.3319,2022,10,31,0.25,302.9376129046008,31.22436355704547,2022-10-31,304
LUMCON,LUM2,1A,NA,29.255555555555556,-90.66833333333334,0.3319,2022,11,11,0.25,306.8307865716304,30.83378547710971,2022-11-11,315
LUMCON,LUM2,1A,NA,29.255555555555556,-90.66833333333334,0.3319,2022,12,15,0.25,192.5639699564046,18.72549795357735,2022-12-15,349
LUMCON,LUM2,1B,NA,29.255555555555556,-90.66833333333334,0.3319,2021,1,28,0.25,90.40440295353756,11.746455645410611,2021-01-28,28
LUMCON,LUM2,1B,NA,29.255555555555556,-90.66833333333334,0.3319,2021,2,24,0.25,65.28669430745855,7.23947036240279,2021-02-24,55
LUMCON,LUM2,1B,NA,29.255555555555556,-90.66833333333334,0.3319,2021,4,2,0.25,70.95391195069628,14.703356011272309,2021-04-02,92
LUMCON,LUM2,1B,NA,29.255555555555556,-90.66833333333334,0.3319,2021,5,7,0.25,94.2559655746455,17.96314387485757,2021-05-07,127
LUMCON,LUM2,1B,NA,29.255555555555556,-90.66833333333334,0.3319,2021,6,2,0.25,135.0673691757897,18.13308371041644,2021-06-02,153
LUMCON,LUM2,1B,NA,29.255555555555556,-90.66833333333334,0.3319,2021,7,21,0.25,159.46366299826843,20.16854684096313,2021-07-21,202
LUMCON,LUM2,1B,NA,29.255555555555556,-90.66833333333334,0.3319,2021,8,11,0.25,122.14041116651178,18.468152782225022,2021-08-11,223
LUMCON,LUM2,1B,NA,29.255555555555556,-90.66833333333334,0.3319,2021,9,23,0.25,128.46100815429176,23.24826227190634,2021-09-23,266
LUMCON,LUM2,1B,NA,29.255555555555556,-90.66833333333334,0.3319,2021,10,29,0.25,148.85479599202574,22.951677467984897,2021-10-29,302
LUMCON,LUM2,1B,NA,29.255555555555556,-90.66833333333334,0.3319,2021,11,16,0.25,132.74169485568274,22.03610289776002,2021-11-16,320
LUMCON,LUM2,1B,NA,29.255555555555556,-90.66833333333334,0.3319,2021,12,16,0.25,107.70539319448386,15.452289479184476,2021-12-16,350
LUMCON,LUM2,1B,NA,29.255555555555556,-90.66833333333334,0.3319,2022,1,31,0.25,154.52765449578905,13.74830360727559,2022-01-31,31
LUMCON,LUM2,1B,NA,29.255555555555556,-90.66833333333334,0.3319,2022,2,24,0.25,91.62939263068526,8.69389691205596,2022-02-24,55
LUMCON,LUM2,1B,NA,29.255555555555556,-90.66833333333334,0.3319,2022,3,28,0.25,99.2130870843318,12.158738229086678,2022-03-28,87
LUMCON,LUM2,1B,NA,29.255555555555556,-90.66833333333334,0.3319,2022,4,27,0.25,104.97899099351012,12.761570507856648,2022-04-27,117
LUMCON,LUM2,1B,NA,29.255555555555556,-90.66833333333334,0.3319,2022,6,9,0.25,156.8623657656941,16.41762341208411,2022-06-09,160
LUMCON,LUM2,1B,NA,29.255555555555556,-90.66833333333334,0.3319,2022,8,16,0.25,174.24326605967826,18.154490487841315,2022-08-16,228
LUMCON,LUM2,1B,NA,29.255555555555556,-90.66833333333334,0.3319,2022,9,20,0.25,132.79988938119448,19.19252563642539,2022-09-20,263
LUMCON,LUM2,1B,NA,29.255555555555556,-90.66833333333334,0.3319,2022,10,31,0.25,279.86518808006275,30.4013816603267,2022-10-31,304
LUMCON,LUM2,1B,NA,29.255555555555556,-90.66833333333334,0.3319,2022,11,11,0.25,287.1196449128933,30.12983020170624,2022-11-11,315
LUMCON,LUM2,1B,NA,29.255555555555556,-90.66833333333334,0.3319,2022,12,15,0.25,183.4461906743157,17.820094594112685,2022-12-15,349
LUMCON,LUM2,2A,NA,29.255555555555556,-90.66833333333334,0.3319,2021,1,28,0.25,76.7634997663609,9.529742627332968,2021-01-28,28
LUMCON,LUM2,2A,NA,29.255555555555556,-90.66833333333334,0.3319,2021,2,24,0.25,78.53428902809323,6.356032213008105,2021-02-24,55
LUMCON,LUM2,2A,NA,29.255555555555556,-90.66833333333334,0.3319,2021,4,2,0.25,121.63054518904752,16.799758885404323,2021-04-02,92
LUMCON,LUM2,2A,NA,29.255555555555556,-90.66833333333334,0.3319,2021,5,7,0.25,158.9085821100215,22.272670935805294,2021-05-07,127
LUMCON,LUM2,2A,NA,29.255555555555556,-90.66833333333334,0.3319,2021,6,2,0.25,230.65529598270697,22.804936958560205,2021-06-02,153
LUMCON,LUM2,2A,NA,29.255555555555556,-90.66833333333334,0.3319,2021,7,21,0.25,251.0691354815087,22.2484199367524,2021-07-21,202
LUMCON,LUM2,2A,NA,29.255555555555556,-90.66833333333334,0.3319,2021,8,11,0.25,237.45396476641463,22.649999288477957,2021-08-11,223
LUMCON,LUM2,2A,NA,29.255555555555556,-90.66833333333334,0.3319,2021,9,23,0.25,300.27693048372254,28.611324645493827,2021-09-23,266
LUMCON,LUM2,2A,NA,29.255555555555556,-90.66833333333334,0.3319,2021,10,29,0.25,377.4200514432855,32.9091266242442,2021-10-29,302
LUMCON,LUM2,2A,NA,29.255555555555556,-90.66833333333334,0.3319,2021,11,16,0.25,388.9237851099955,33.53800619494193,2021-11-16,320
LUMCON,LUM2,2A,NA,29.255555555555556,-90.66833333333334,0.3319,2021,12,16,0.25,255.0450396291868,20.857570576698222,2021-12-16,350
LUMCON,LUM2,2A,NA,29.255555555555556,-90.66833333333334,0.3319,2022,1,31,0.25,119.17083686771994,10.601711842509877,2022-01-31,31
LUMCON,LUM2,2A,NA,29.255555555555556,-90.66833333333334,0.3319,2022,2,24,0.25,109.59231574641956,9.439335866595112,2022-02-24,55
LUMCON,LUM2,2A,NA,29.255555555555556,-90.66833333333334,0.3319,2022,3,28,0.25,106.6873344026764,13.12196507884018,2022-03-28,87
LUMCON,LUM2,2A,NA,29.255555555555556,-90.66833333333334,0.3319,2022,4,27,0.25,110.17621646035316,15.660628743463542,2022-04-27,117
LUMCON,LUM2,2A,NA,29.255555555555556,-90.66833333333334,0.3319,2022,6,9,0.25,196.19019248524296,18.62498290409087,2022-06-09,160
LUMCON,LUM2,2A,NA,29.255555555555556,-90.66833333333334,0.3319,2022,8,16,0.25,285.73452879945336,23.54472429821918,2022-08-16,228
LUMCON,LUM2,2A,NA,29.255555555555556,-90.66833333333334,0.3319,2022,9,20,0.25,269.43956860822243,26.23099867460063,2022-09-20,263
LUMCON,LUM2,2A,NA,29.255555555555556,-90.66833333333334,0.3319,2022,10,31,0.25,269.63618375662486,24.92057304278493,2022-10-31,304
LUMCON,LUM2,2A,NA,29.255555555555556,-90.66833333333334,0.3319,2022,11,11,0.25,254.74660103402576,23.978296383483663,2022-11-11,315
LUMCON,LUM2,2A,NA,29.255555555555556,-90.66833333333334,0.3319,2022,12,15,0.25,171.1179983945311,13.784739498422285,2022-12-15,349
LUMCON,LUM2,2B,NA,29.255555555555556,-90.66833333333334,0.3319,2021,1,28,0.25,58.430167156016445,8.366408968794728,2021-01-28,28
LUMCON,LUM2,2B,NA,29.255555555555556,-90.66833333333334,0.3319,2021,2,24,0.25,52.165368695888375,5.336209112307891,2021-02-24,55
LUMCON,LUM2,2B,NA,29.255555555555556,-90.66833333333334,0.3319,2021,4,2,0.25,66.2581944061445,12.86987410743889,2021-04-02,92
LUMCON,LUM2,2B,NA,29.255555555555556,-90.66833333333334,0.3319,2021,5,7,0.25,72.6968570590452,14.804350840600817,2021-05-07,127
LUMCON,LUM2,2B,NA,29.255555555555556,-90.66833333333334,0.3319,2021,6,2,0.25,107.65684986784738,15.196621062517398,2021-06-02,153
LUMCON,LUM2,2B,NA,29.255555555555556,-90.66833333333334,0.3319,2021,7,21,0.25,242.47736101429464,21.441476706940797,2021-07-21,202
LUMCON,LUM2,2B,NA,29.255555555555556,-90.66833333333334,0.3319,2021,8,11,0.25,234.96338680430253,22.50666562654104,2021-08-11,223
LUMCON,LUM2,2B,NA,29.255555555555556,-90.66833333333334,0.3319,2021,9,23,0.25,428.48193944856007,36.36020071576922,2021-09-23,266
LUMCON,LUM2,2B,NA,29.255555555555556,-90.66833333333334,0.3319,2021,10,29,0.25,380.6198250974769,35.122048571480654,2021-10-29,302
LUMCON,LUM2,2B,NA,29.255555555555556,-90.66833333333334,0.3319,2021,11,16,0.25,324.2693197717908,31.716132580713133,2021-11-16,320
LUMCON,LUM2,2B,NA,29.255555555555556,-90.66833333333334,0.3319,2021,12,16,0.25,170.44011722099188,14.630531205549971,2021-12-16,350
LUMCON,LUM2,2B,NA,29.255555555555556,-90.66833333333334,0.3319,2022,1,31,0.25,83.2695960452761,6.902294740362971,2022-01-31,31
LUMCON,LUM2,2B,NA,29.255555555555556,-90.66833333333334,0.3319,2022,2,24,0.25,63.70105479087432,5.690292086935742,2022-02-24,55
LUMCON,LUM2,2B,NA,29.255555555555556,-90.66833333333334,0.3319,2022,3,28,0.25,47.19045797917536,7.60897310606014,2022-03-28,87
LUMCON,LUM2,2B,NA,29.255555555555556,-90.66833333333334,0.3319,2022,4,27,0.25,56.14511371983825,9.068659627161678,2022-04-27,117
LUMCON,LUM2,2B,NA,29.255555555555556,-90.66833333333334,0.3319,2022,6,9,0.25,44.821276270318265,8.428621649262121,2022-06-09,160
LUMCON,LUM2,2B,NA,29.255555555555556,-90.66833333333334,0.3319,2022,8,16,0.25,82.49217613694266,13.22732419549271,2022-08-16,228
LUMCON,LUM2,2B,NA,29.255555555555556,-90.66833333333334,0.3319,2022,9,20,0.25,105.18451831334734,19.61414369716779,2022-09-20,263
LUMCON,LUM2,2B,NA,29.255555555555556,-90.66833333333334,0.3319,2022,10,31,0.25,109.3733698012115,21.924013521754173,2022-10-31,304
LUMCON,LUM2,2B,NA,29.255555555555556,-90.66833333333334,0.3319,2022,11,11,0.25,107.35741555099573,21.821113765740407,2022-11-11,315
LUMCON,LUM2,2B,NA,29.255555555555556,-90.66833333333334,0.3319,2022,12,15,0.25,43.00456928443692,7.484717130519284,2022-12-15,349
LUMCON,LUM3,1A,NA,29.25805555555555,-90.6613888888889,0.3925,2021,1,29,0.25,102.7157046638412,12.257391699140673,2021-01-29,29
LUMCON,LUM3,1A,NA,29.25805555555555,-90.6613888888889,0.3925,2021,2,23,0.25,89.48487805100176,9.878120459287112,2021-02-23,54
LUMCON,LUM3,1A,NA,29.25805555555555,-90.6613888888889,0.3925,2021,4,2,0.25,82.6329475398399,14.035563799719029,2021-04-02,92
LUMCON,LUM3,1A,NA,29.25805555555555,-90.6613888888889,0.3925,2021,5,7,0.25,106.63770955147736,18.10401782130111,2021-05-07,127
LUMCON,LUM3,1A,NA,29.25805555555555,-90.6613888888889,0.3925,2021,6,1,0.25,154.38533969755315,18.662650977183507,2021-06-01,152
LUMCON,LUM3,1A,NA,29.25805555555555,-90.6613888888889,0.3925,2021,7,22,0.25,491.3866261950443,37.20734379885105,2021-07-22,203
LUMCON,LUM3,1A,NA,29.25805555555555,-90.6613888888889,0.3925,2021,8,10,0.25,406.85442401139267,35.78960003917443,2021-08-10,222
LUMCON,LUM3,1A,NA,29.25805555555555,-90.6613888888889,0.3925,2021,9,24,0.25,561.5357730142043,50.519655073766366,2021-09-24,267
LUMCON,LUM3,1A,NA,29.25805555555555,-90.6613888888889,0.3925,2021,10,29,0.25,503.4499362957959,45.41209378116824,2021-10-29,302
LUMCON,LUM3,1A,NA,29.25805555555555,-90.6613888888889,0.3925,2021,11,17,0.25,525.0655422364466,45.68978534233112,2021-11-17,321
LUMCON,LUM3,1A,NA,29.25805555555555,-90.6613888888889,0.3925,2021,12,14,0.25,370.4666096233702,27.584077200277395,2021-12-14,348
LUMCON,LUM3,1A,NA,29.25805555555555,-90.6613888888889,0.3925,2022,2,21,0.25,165.92471190468464,12.706694577822164,2022-02-21,52
LUMCON,LUM3,1A,NA,29.25805555555555,-90.6613888888889,0.3925,2022,3,28,0.25,184.122822557361,21.152649836612653,2022-03-28,87
LUMCON,LUM3,1A,NA,29.25805555555555,-90.6613888888889,0.3925,2022,4,27,0.25,178.47870857159586,22.507383816639894,2022-04-27,117
LUMCON,LUM3,1A,NA,29.25805555555555,-90.6613888888889,0.3925,2022,6,8,0.25,316.01238299626044,26.212269034396503,2022-06-08,159
LUMCON,LUM3,1A,NA,29.25805555555555,-90.6613888888889,0.3925,2022,8,17,0.25,425.6702176984391,30.42398300149987,2022-08-17,229
LUMCON,LUM3,1A,NA,29.25805555555555,-90.6613888888889,0.3925,2022,9,14,0.25,430.0869032863043,33.81838928647249,2022-09-14,257
LUMCON,LUM3,1A,NA,29.25805555555555,-90.6613888888889,0.3925,2022,10,13,0.25,406.3292443982313,34.228518828474996,2022-10-13,286
LUMCON,LUM3,1A,NA,29.25805555555555,-90.6613888888889,0.3925,2022,11,10,0.25,346.79318370282687,29.056273406424157,2022-11-10,314
LUMCON,LUM3,1B,NA,29.25805555555555,-90.6613888888889,0.3925,2021,1,29,0.25,80.0589948883947,9.815249064694772,2021-01-29,29
LUMCON,LUM3,1B,NA,29.25805555555555,-90.6613888888889,0.3925,2021,2,23,0.25,105.05786309033527,10.975865102907036,2021-02-23,54
LUMCON,LUM3,1B,NA,29.25805555555555,-90.6613888888889,0.3925,2021,4,2,0.25,144.35161375047866,20.640056542023324,2021-04-02,92
LUMCON,LUM3,1B,NA,29.25805555555555,-90.6613888888889,0.3925,2021,5,7,0.25,148.4420462385234,23.33684078478976,2021-05-07,127
LUMCON,LUM3,1B,NA,29.25805555555555,-90.6613888888889,0.3925,2021,6,1,0.25,207.5508860296758,23.473617802922547,2021-06-01,152
LUMCON,LUM3,1B,NA,29.25805555555555,-90.6613888888889,0.3925,2021,7,22,0.25,348.3518977625706,28.919550292120995,2021-07-22,203
LUMCON,LUM3,1B,NA,29.25805555555555,-90.6613888888889,0.3925,2021,8,10,0.25,337.24817039031245,30.06414547831313,2021-08-10,222
LUMCON,LUM3,1B,NA,29.25805555555555,-90.6613888888889,0.3925,2021,9,24,0.25,289.08308083330644,31.48487747018357,2021-09-24,267
LUMCON,LUM3,1B,NA,29.25805555555555,-90.6613888888889,0.3925,2021,10,29,0.25,333.5535177327017,34.22829911370393,2021-10-29,302
LUMCON,LUM3,1B,NA,29.25805555555555,-90.6613888888889,0.3925,2021,11,17,0.25,277.47856556517763,29.6475661800054,2021-11-17,321
LUMCON,LUM3,1B,NA,29.25805555555555,-90.6613888888889,0.3925,2021,12,14,0.25,185.4100874036984,18.423216593476933,2021-12-14,348
LUMCON,LUM3,1B,NA,29.25805555555555,-90.6613888888889,0.3925,2022,2,21,0.25,114.88774858800484,10.274123416325866,2022-02-21,52
LUMCON,LUM3,1B,NA,29.25805555555555,-90.6613888888889,0.3925,2022,3,28,0.25,108.11365900866429,13.572315950971724,2022-03-28,87
LUMCON,LUM3,1B,NA,29.25805555555555,-90.6613888888889,0.3925,2022,4,27,0.25,94.04700552548162,13.626839319270054,2022-04-27,117
LUMCON,LUM3,1B,NA,29.25805555555555,-90.6613888888889,0.3925,2022,6,8,0.25,137.06571228208708,16.215510937354654,2022-06-08,159
LUMCON,LUM3,1B,NA,29.25805555555555,-90.6613888888889,0.3925,2022,8,17,0.25,200.81169473293565,19.0483881235228,2022-08-17,229
LUMCON,LUM3,1B,NA,29.25805555555555,-90.6613888888889,0.3925,2022,9,14,0.25,177.81559497245894,19.35791725760084,2022-09-14,257
LUMCON,LUM3,1B,NA,29.25805555555555,-90.6613888888889,0.3925,2022,10,13,0.25,165.05034389553103,19.105066788439153,2022-10-13,286
LUMCON,LUM3,1B,NA,29.25805555555555,-90.6613888888889,0.3925,2022,11,10,0.25,143.49213354977445,17.358155711432374,2022-11-10,314
LUMCON,LUM3,2A,NA,29.25805555555555,-90.66111111111113,0.3925,2021,1,29,0.25,48.455135975563294,5.6956795815598245,2021-01-29,29
LUMCON,LUM3,2A,NA,29.25805555555555,-90.66111111111113,0.3925,2021,2,23,0.25,73.32615220426318,7.7361981581126384,2021-02-23,54
LUMCON,LUM3,2A,NA,29.25805555555555,-90.66111111111113,0.3925,2021,4,2,0.25,64.2745950374899,12.87029542310975,2021-04-02,92
LUMCON,LUM3,2A,NA,29.25805555555555,-90.66111111111113,0.3925,2021,5,7,0.25,82.66466701058735,14.259518564385791,2021-05-07,127
LUMCON,LUM3,2A,NA,29.25805555555555,-90.66111111111113,0.3925,2021,6,1,0.25,123.43051181684042,15.241199453200508,2021-06-01,152
LUMCON,LUM3,2A,NA,29.25805555555555,-90.66111111111113,0.3925,2021,7,22,0.25,251.64265612003769,21.809219251345244,2021-07-22,203
LUMCON,LUM3,2A,NA,29.25805555555555,-90.66111111111113,0.3925,2021,8,10,0.25,252.90185383894857,21.55545290641389,2021-08-10,222
LUMCON,LUM3,2A,NA,29.25805555555555,-90.66111111111113,0.3925,2021,9,24,0.25,357.2591351688251,35.19367430341363,2021-09-24,267
LUMCON,LUM3,2A,NA,29.25805555555555,-90.66111111111113,0.3925,2021,10,29,0.25,367.95433636351726,36.419275364930634,2021-10-29,302
LUMCON,LUM3,2A,NA,29.25805555555555,-90.66111111111113,0.3925,2021,11,17,0.25,293.9043565889482,32.72050238728358,2021-11-17,321
LUMCON,LUM3,2A,NA,29.25805555555555,-90.66111111111113,0.3925,2021,12,14,0.25,190.98786243571593,20.22340051316331,2021-12-14,348
LUMCON,LUM3,2A,NA,29.25805555555555,-90.66111111111113,0.3925,2022,2,21,0.25,117.67381630049717,8.4946387418991,2022-02-21,52
LUMCON,LUM3,2A,NA,29.25805555555555,-90.66111111111113,0.3925,2022,3,28,0.25,107.7814913811416,13.51237466524252,2022-03-28,87
LUMCON,LUM3,2A,NA,29.25805555555555,-90.66111111111113,0.3925,2022,4,27,0.25,103.40737800122996,14.690133659066904,2022-04-27,117
LUMCON,LUM3,2A,NA,29.25805555555555,-90.66111111111113,0.3925,2022,6,8,0.25,197.3702022585794,18.700615485572655,2022-06-08,159
LUMCON,LUM3,2A,NA,29.25805555555555,-90.66111111111113,0.3925,2022,8,17,0.25,263.2280422528632,23.07807684319581,2022-08-17,229
LUMCON,LUM3,2A,NA,29.25805555555555,-90.66111111111113,0.3925,2022,9,14,0.25,328.17668042059637,28.600358305847532,2022-09-14,257
LUMCON,LUM3,2A,NA,29.25805555555555,-90.66111111111113,0.3925,2022,10,13,0.25,384.1408678256164,32.69664984254161,2022-10-13,286
LUMCON,LUM3,2A,NA,29.25805555555555,-90.66111111111113,0.3925,2022,11,10,0.25,351.8237086869608,30.684080221492305,2022-11-10,314
LUMCON,LUM3,2B,NA,29.25805555555555,-90.66111111111113,0.3925,2021,1,29,0.25,53.69088933392396,5.754253063277342,2021-01-29,29
LUMCON,LUM3,2B,NA,29.25805555555555,-90.66111111111113,0.3925,2021,2,23,0.25,75.67498663693374,7.885818161481357,2021-02-23,54
LUMCON,LUM3,2B,NA,29.25805555555555,-90.66111111111113,0.3925,2021,4,2,0.25,112.24601770594538,17.521143803833564,2021-04-02,92
LUMCON,LUM3,2B,NA,29.25805555555555,-90.66111111111113,0.3925,2021,5,7,0.25,104.5390593112994,17.086231528947778,2021-05-07,127
LUMCON,LUM3,2B,NA,29.25805555555555,-90.66111111111113,0.3925,2021,6,1,0.25,153.03027365910162,17.88137783739959,2021-06-01,152
LUMCON,LUM3,2B,NA,29.25805555555555,-90.66111111111113,0.3925,2021,7,22,0.25,282.48759146016545,24.98595058155071,2021-07-22,203
LUMCON,LUM3,2B,NA,29.25805555555555,-90.66111111111113,0.3925,2021,8,10,0.25,282.69188385018964,26.05479125490777,2021-08-10,222
LUMCON,LUM3,2B,NA,29.25805555555555,-90.66111111111113,0.3925,2021,9,24,0.25,273.77717544425155,32.23585802263341,2021-09-24,267
LUMCON,LUM3,2B,NA,29.25805555555555,-90.66111111111113,0.3925,2021,10,29,0.25,294.84371862165466,33.093131567791815,2021-10-29,302
LUMCON,LUM3,2B,NA,29.25805555555555,-90.66111111111113,0.3925,2021,11,17,0.25,287.82897520594787,32.49986322063311,2021-11-17,321
LUMCON,LUM3,2B,NA,29.25805555555555,-90.66111111111113,0.3925,2021,12,14,0.25,160.06398770506485,17.684905906415132,2021-12-14,348
LUMCON,LUM3,2B,NA,29.25805555555555,-90.66111111111113,0.3925,2022,2,21,0.25,92.1049253584132,8.813149591060817,2022-02-21,52
LUMCON,LUM3,2B,NA,29.25805555555555,-90.66111111111113,0.3925,2022,3,28,0.25,135.42222944608298,17.391130181040726,2022-03-28,87
LUMCON,LUM3,2B,NA,29.25805555555555,-90.66111111111113,0.3925,2022,4,27,0.25,135.76443784197065,20.12138325586296,2022-04-27,117
LUMCON,LUM3,2B,NA,29.25805555555555,-90.66111111111113,0.3925,2022,6,8,0.25,225.6724507529887,22.307309048110785,2022-06-08,159
LUMCON,LUM3,2B,NA,29.25805555555555,-90.66111111111113,0.3925,2022,8,17,0.25,402.6466607762963,29.175222909626147,2022-08-17,229
LUMCON,LUM3,2B,NA,29.25805555555555,-90.66111111111113,0.3925,2022,9,14,0.25,413.44624535550264,33.526075957555285,2022-09-14,257
LUMCON,LUM3,2B,NA,29.25805555555555,-90.66111111111113,0.3925,2022,10,13,0.25,450.3072190826947,38.09965576000016,2022-10-13,286
LUMCON,LUM3,2B,NA,29.25805555555555,-90.66111111111113,0.3925,2022,11,10,0.25,369.64937831643954,34.08126668477128,2022-11-10,314
SERC,Hog,1A,1,38.8799431225,-76.551866765,0.374,2020,8,18,0.01,498.9999999999998,2.2360679774997894,2020-08-18,231
SERC,Hog,1A,10,38.8799431225,-76.551866765,0.374,2020,8,18,0.01,36.999999999999915,1.4142135623730947,2020-08-18,231
SERC,Hog,1A,11,38.8799431225,-76.551866765,0.374,2020,8,18,0.01,722.9999999999998,1.732050807568877,2020-08-18,231
SERC,Hog,1A,12,38.8799431225,-76.551866765,0.374,2020,8,18,0.01,653.9999999999998,1.732050807568877,2020-08-18,231
SERC,Hog,1A,13,38.8799431225,-76.551866765,0.374,2020,8,18,0.01,731.9999999999999,1.4142135623730947,2020-08-18,231
SERC,Hog,1A,14,38.8799431225,-76.551866765,0.374,2020,8,18,0.01,1020.9999999999999,1.732050807568877,2020-08-18,231
SERC,Hog,1A,15,38.8799431225,-76.551866765,0.374,2020,8,18,0.01,348,1.4142135623730947,2020-08-18,231
SERC,Hog,1A,16,38.8799431225,-76.551866765,0.374,2020,8,18,0.01,110.99999999999991,1.4142135623730947,2020-08-18,231
SERC,Hog,1A,17,38.8799431225,-76.551866765,0.374,2020,8,18,0.01,192.99999999999994,1.4142135623730947,2020-08-18,231
SERC,Hog,1A,18,38.8799431225,-76.551866765,0.374,2020,8,18,0.01,560.9999999999998,1.732050807568877,2020-08-18,231
SERC,Hog,1A,19,38.8799431225,-76.551866765,0.374,2020,8,18,0.01,517.9999999999998,1.732050807568877,2020-08-18,231
SERC,Hog,1A,2,38.8799431225,-76.551866765,0.374,2020,8,18,0.01,499.0000000000001,1.732050807568877,2020-08-18,231
SERC,Hog,1A,20,38.8799431225,-76.551866765,0.374,2020,8,18,0.01,508.9999999999999,0.9999999999999998,2020-08-18,231
SERC,Hog,1A,21,38.8799431225,-76.551866765,0.374,2020,8,18,0.01,178.9999999999999,1.4142135623730947,2020-08-18,231
SERC,Hog,1A,22,38.8799431225,-76.551866765,0.374,2020,8,18,0.01,200.99999999999994,1.4142135623730947,2020-08-18,231
SERC,Hog,1A,23,38.8799431225,-76.551866765,0.374,2020,8,18,0.01,437.9999999999998,1.732050807568877,2020-08-18,231
SERC,Hog,1A,24,38.8799431225,-76.551866765,0.374,2020,8,18,0.01,543,1.732050807568877,2020-08-18,231
SERC,Hog,1A,25,38.8799431225,-76.551866765,0.374,2020,8,18,0.01,590,1.732050807568877,2020-08-18,231
SERC,Hog,1A,3,38.8799431225,-76.551866765,0.374,2020,8,18,0.01,78.9999999999999,1.732050807568877,2020-08-18,231
SERC,Hog,1A,4,38.8799431225,-76.551866765,0.374,2020,8,18,0.01,315.99999999999994,1.4142135623730947,2020-08-18,231
SERC,Hog,1A,5,38.8799431225,-76.551866765,0.374,2020,8,18,0.01,616.9999999999999,1.4142135623730947,2020-08-18,231
SERC,Hog,1A,6,38.8799431225,-76.551866765,0.374,2020,8,18,0.01,509.9999999999999,1.4142135623730947,2020-08-18,231
SERC,Hog,1A,7,38.8799431225,-76.551866765,0.374,2020,8,18,0.01,386.99999999999983,1.4142135623730947,2020-08-18,231
SERC,Hog,1A,8,38.8799431225,-76.551866765,0.374,2020,8,18,0.01,403.99999999999983,1.732050807568877,2020-08-18,231
SERC,Hog,1A,9,38.8799431225,-76.551866765,0.374,2020,8,18,0.01,311.00000000000006,1.732050807568877,2020-08-18,231
SERC,Hog,1A,NA,38.8799431225,-76.551866765,0.374,2020,8,18,0.01,324.9999999999999,1.4142135623730947,2020-08-18,231
SERC,Hog,1A,NA,38.8799541025,-76.5518290575,0.37275,2022,3,30,0.01,4.999999999999981,0.9999999999999998,2022-03-30,89
SERC,Hog,1A,NA,38.8799541025,-76.5518290575,0.37275,2022,4,25,0.01,38.99999999999996,1.4142135623730947,2022-04-25,115
SERC,Hog,1A,NA,38.8799541025,-76.5518290575,0.37275,2022,5,18,0.01,202.9999999999999,1.4142135623730947,2022-05-18,138
SERC,Hog,1A,NA,38.8799541025,-76.5518290575,0.37275,2022,5,25,0.01,219,1.4142135623730947,2022-05-25,145
SERC,Hog,1A,NA,38.8799541025,-76.5518290575,0.37275,2022,6,28,0.01,323,1.732050807568877,2022-06-28,179
SERC,Hog,1A,NA,38.8799541025,-76.5518290575,0.37275,2022,7,18,0.01,788.0000000000001,1.4142135623730947,2022-07-18,199
SERC,Hog,1A,NA,38.8799541025,-76.5518290575,0.37275,2022,8,18,0.01,575.9999999999998,1.4142135623730947,2022-08-18,230
SERC,Hog,1A,NA,38.8799541025,-76.5518290575,0.37275,2022,9,19,0.01,701.0000000000001,1.732050807568877,2022-09-19,262
SERC,Hog,1A,NA,38.8799541025,-76.5518290575,0.37275,2022,10,23,0.01,133.99999999999994,1.4142135623730947,2022-10-23,296
SERC,Hog,1A,NA,38.8799541025,-76.5518290575,0.37275,2022,11,19,0.01,14.999999999999943,0.9999999999999998,2022-11-19,323
SERC,Hog,1A,NA,38.8799630175,-76.55182928,0.38625,2021,4,14,0.01,12.000000000000098,1.4142135623730947,2021-04-14,104
SERC,Hog,1A,NA,38.8799630175,-76.55182928,0.38625,2021,4,23,0.01,50.99999999999997,1.4142135623730947,2021-04-23,113
SERC,Hog,1A,NA,38.8799630175,-76.55182928,0.38625,2021,4,28,0.01,38.99999999999996,0.9999999999999998,2021-04-28,118
SERC,Hog,1A,NA,38.8799630175,-76.55182928,0.38625,2021,4,29,0.01,42.999999999999964,0.9999999999999998,2021-04-29,119
SERC,Hog,1A,NA,38.8799630175,-76.55182928,0.38625,2021,5,4,0.01,23.00000000000004,0.9999999999999998,2021-05-04,124
SERC,Hog,1A,NA,38.8799630175,-76.55182928,0.38625,2021,5,12,0.01,65.00000000000003,0.9999999999999998,2021-05-12,132
SERC,Hog,1A,NA,38.8799630175,-76.55182928,0.38625,2021,5,18,0.01,161.99999999999994,1.4142135623730947,2021-05-18,138
SERC,Hog,1A,NA,38.8799630175,-76.55182928,0.38625,2021,5,27,0.01,436.9999999999999,1.4142135623730947,2021-05-27,147
SERC,Hog,1A,NA,38.8799630175,-76.55182928,0.38625,2021,6,3,0.01,330,1.4142135623730947,2021-06-03,154
SERC,Hog,1A,NA,38.8799630175,-76.55182928,0.38625,2021,6,8,0.01,185.99999999999991,1.9999999999999996,2021-06-08,159
SERC,Hog,1A,NA,38.8799630175,-76.55182928,0.38625,2021,6,15,0.01,277,1.4142135623730947,2021-06-15,166
SERC,Hog,1A,NA,38.8799630175,-76.55182928,0.38625,2021,6,24,0.01,404.9999999999999,1.4142135623730947,2021-06-24,175
SERC,Hog,1A,NA,38.8799630175,-76.55182928,0.38625,2021,7,9,0.01,703.9999999999999,1.4142135623730947,2021-07-09,190
SERC,Hog,1A,NA,38.8799630175,-76.55182928,0.38625,2021,7,20,0.01,1055,1.4142135623730947,2021-07-20,201
SERC,Hog,1A,NA,38.8799630175,-76.55182928,0.38625,2021,8,20,0.01,384.9999999999999,1.732050807568877,2021-08-20,232
SERC,Hog,1A,NA,38.8799630175,-76.55182928,0.38625,2021,10,12,0.01,124.99999999999997,1.4142135623730947,2021-10-12,285
SERC,Hog,1A,NA,38.8799630175,-76.55182928,0.38625,2021,11,8,0.01,91,1.4142135623730947,2021-11-08,312
SERC,Hog,1B,NA,38.8799442675,-76.5518280875,0.378,2022,4,12,0.01,0,0.9999999999999998,2022-04-12,102
SERC,Hog,1B,NA,38.8799442675,-76.5518280875,0.378,2022,4,25,0.01,12.9999999999999,0.9999999999999998,2022-04-25,115
SERC,Hog,1B,NA,38.8799442675,-76.5518280875,0.378,2022,5,18,0.01,193.00000000000003,1.732050807568877,2022-05-18,138
SERC,Hog,1B,NA,38.8799442675,-76.5518280875,0.378,2022,5,25,0.01,260.9999999999998,1.4142135623730947,2022-05-25,145
SERC,Hog,1B,NA,38.8799442675,-76.5518280875,0.378,2022,6,13,0.01,38.99999999999996,0.9999999999999998,2022-06-13,164
SERC,Hog,1B,NA,38.8799442675,-76.5518280875,0.378,2022,6,28,0.01,617.9999999999999,1.4142135623730947,2022-06-28,179
SERC,Hog,1B,NA,38.8799442675,-76.5518280875,0.378,2022,7,18,0.01,732.9999999999999,1.732050807568877,2022-07-18,199
SERC,Hog,1B,NA,38.8799442675,-76.5518280875,0.378,2022,8,18,0.01,796.1999999999998,1.9999999999999996,2022-08-18,230
SERC,Hog,1B,NA,38.8799442675,-76.5518280875,0.378,2022,9,19,0.01,809.9999999999999,2.2360679774997894,2022-09-19,262
SERC,Hog,1B,NA,38.8799442675,-76.5518280875,0.378,2022,10,23,0.01,226.0000000000001,1.4142135623730947,2022-10-23,296
SERC,Hog,1B,NA,38.8799442675,-76.5518280875,0.378,2022,11,19,0.01,16.0000000000001,0.9999999999999998,2022-11-19,323
SERC,Hog,1B,NA,38.87994926,-76.5518286925,0.38175,2021,4,14,0.01,25.000000000000085,1.4142135623730947,2021-04-14,104
SERC,Hog,1B,NA,38.87994926,-76.5518286925,0.38175,2021,4,23,0.01,39.999999999999936,1.4142135623730947,2021-04-23,113
SERC,Hog,1B,NA,38.87994926,-76.5518286925,0.38175,2021,4,29,0.01,49.99999999999999,0.9999999999999998,2021-04-29,119
SERC,Hog,1B,NA,38.87994926,-76.5518286925,0.38175,2021,5,4,0.01,22.00000000000006,0.9999999999999998,2021-05-04,124
SERC,Hog,1B,NA,38.87994926,-76.5518286925,0.38175,2021,5,12,0.01,70,1.4142135623730947,2021-05-12,132
SERC,Hog,1B,NA,38.87994926,-76.5518286925,0.38175,2021,5,18,0.01,153.99999999999997,1.4142135623730947,2021-05-18,138
SERC,Hog,1B,NA,38.87994926,-76.5518286925,0.38175,2021,5,27,0.01,260.99999999999994,1.4142135623730947,2021-05-27,147
SERC,Hog,1B,NA,38.87994926,-76.5518286925,0.38175,2021,6,3,0.01,361.9999999999999,1.732050807568877,2021-06-03,154
SERC,Hog,1B,NA,38.87994926,-76.5518286925,0.38175,2021,6,8,0.01,524.9999999999999,1.4142135623730947,2021-06-08,159
SERC,Hog,1B,NA,38.87994926,-76.5518286925,0.38175,2021,6,15,0.01,276.9999999999999,1.4142135623730947,2021-06-15,166
SERC,Hog,1B,NA,38.87994926,-76.5518286925,0.38175,2021,6,24,0.01,335.9999999999999,1.732050807568877,2021-06-24,175
SERC,Hog,1B,NA,38.87994926,-76.5518286925,0.38175,2021,7,9,0.01,438.99999999999983,1.9999999999999996,2021-07-09,190
SERC,Hog,1B,NA,38.87994926,-76.5518286925,0.38175,2021,7,20,0.01,382.9999999999998,1.732050807568877,2021-07-20,201
SERC,Hog,1B,NA,38.87994926,-76.5518286925,0.38175,2021,8,20,0.01,516.9999999999999,1.732050807568877,2021-08-20,232
SERC,Hog,1B,NA,38.87994926,-76.5518286925,0.38175,2021,10,12,0.01,54.99999999999988,0.9999999999999998,2021-10-12,285
SERC,Hog,1B,NA,38.87994926,-76.5518286925,0.38175,2021,10,15,0.01,1.999999999999957,0.9999999999999998,2021-10-15,288
SERC,Hog,1B,NA,38.87994926,-76.5518286925,0.38175,2021,11,8,0.01,155.00000000000003,1.4142135623730947,2021-11-08,312
SERC,Hog,2A,NA,38.8798471075,-76.5519466575,0.376,2021,4,14,0.01,28.00000000000002,1.4142135623730947,2021-04-14,104
SERC,Hog,2A,NA,38.8798471075,-76.5519466575,0.376,2021,4,23,0.01,32.00000000000003,1.4142135623730947,2021-04-23,113
SERC,Hog,2A,NA,38.8798471075,-76.5519466575,0.376,2021,4,29,0.01,57.000000000000014,1.4142135623730947,2021-04-29,119
SERC,Hog,2A,NA,38.8798471075,-76.5519466575,0.376,2021,5,4,0.01,54.99999999999997,1.4142135623730947,2021-05-04,124
SERC,Hog,2A,NA,38.8798471075,-76.5519466575,0.376,2021,5,12,0.01,12.000000000000009,0.9999999999999998,2021-05-12,132
SERC,Hog,2A,NA,38.8798471075,-76.5519466575,0.376,2021,5,18,0.01,8.999999999999984,0.9999999999999998,2021-05-18,138
SERC,Hog,2A,NA,38.8798471075,-76.5519466575,0.376,2021,5,27,0.01,177.99999999999997,1.4142135623730947,2021-05-27,147
SERC,Hog,2A,NA,38.8798471075,-76.5519466575,0.376,2021,6,3,0.01,576.9999999999998,1.732050807568877,2021-06-03,154
SERC,Hog,2A,NA,38.8798471075,-76.5519466575,0.376,2021,6,8,0.01,435.9999999999999,2.6457513110645903,2021-06-08,159
SERC,Hog,2A,NA,38.8798471075,-76.5519466575,0.376,2021,6,15,0.01,322,1.732050807568877,2021-06-15,166
SERC,Hog,2A,NA,38.8798471075,-76.5519466575,0.376,2021,6,24,0.01,260,1.732050807568877,2021-06-24,175
SERC,Hog,2A,NA,38.8798471075,-76.5519466575,0.376,2021,7,9,0.01,235,1.732050807568877,2021-07-09,190
SERC,Hog,2A,NA,38.8798471075,-76.5519466575,0.376,2021,7,20,0.01,688.0000000000001,1.4142135623730947,2021-07-20,201
SERC,Hog,2A,NA,38.8798471075,-76.5519466575,0.376,2021,8,20,0.01,1419.9999999999995,1.732050807568877,2021-08-20,232
SERC,Hog,2A,NA,38.8798471075,-76.5519466575,0.376,2021,9,16,0.01,716.9999999999999,0.9999999999999998,2021-09-16,259
SERC,Hog,2A,NA,38.8798471075,-76.5519466575,0.376,2021,10,12,0.01,6.000000000000049,0.9999999999999998,2021-10-12,285
SERC,Hog,2A,NA,38.8798471075,-76.5519466575,0.376,2021,10,15,0.01,530,0.9999999999999998,2021-10-15,288
SERC,Hog,2A,NA,38.8798471075,-76.5519466575,0.376,2021,11,8,0.01,405.99999999999994,1.732050807568877,2021-11-08,312
SERC,Hog,2A,NA,38.8798543225,-76.55194643,0.36425,2022,4,12,0.01,0,0.9999999999999998,2022-04-12,102
SERC,Hog,2A,NA,38.8798543225,-76.55194643,0.36425,2022,4,25,0.01,71.99999999999996,1.732050807568877,2022-04-25,115
SERC,Hog,2A,NA,38.8798543225,-76.55194643,0.36425,2022,5,18,0.01,188.99999999999983,1.732050807568877,2022-05-18,138
SERC,Hog,2A,NA,38.8798543225,-76.55194643,0.36425,2022,5,25,0.01,269,1.732050807568877,2022-05-25,145
SERC,Hog,2A,NA,38.8798543225,-76.55194643,0.36425,2022,6,13,0.01,636.9999999999997,1.4142135623730947,2022-06-13,164
SERC,Hog,2A,NA,38.8798543225,-76.55194643,0.36425,2022,6,28,0.01,816.9999999999997,1.9999999999999996,2022-06-28,179
SERC,Hog,2A,NA,38.8798543225,-76.55194643,0.36425,2022,7,18,0.01,861.9999999999997,1.4142135623730947,2022-07-18,199
SERC,Hog,2A,NA,38.8798543225,-76.55194643,0.36425,2022,8,18,0.01,672.9999999999999,1.732050807568877,2022-08-18,230
SERC,Hog,2A,NA,38.8798543225,-76.55194643,0.36425,2022,9,19,0.01,522.9999999999999,1.732050807568877,2022-09-19,262
SERC,Hog,2A,NA,38.8798543225,-76.55194643,0.36425,2022,10,23,0.01,167.00000000000014,1.4142135623730947,2022-10-23,296
SERC,Hog,2A,NA,38.8798543225,-76.55194643,0.36425,2022,11,19,0.01,33.999999999999886,1.4142135623730947,2022-11-19,323
SERC,Hog,2A,NA,NA,NA,NA,2020,8,18,0.01,522.9999999999999,1.4142135623730947,2020-08-18,231
SERC,Hog,2B,NA,38.8798297175,-76.5519531425,0.3785,2022,3,30,0.01,13.999999999999964,0.9999999999999998,2022-03-30,89
SERC,Hog,2B,NA,38.8798297175,-76.5519531425,0.3785,2022,4,12,0.01,0,0.9999999999999998,2022-04-12,102
SERC,Hog,2B,NA,38.8798297175,-76.5519531425,0.3785,2022,4,25,0.01,30.999999999999865,1.4142135623730947,2022-04-25,115
SERC,Hog,2B,NA,38.8798297175,-76.5519531425,0.3785,2022,5,18,0.01,245.99999999999986,1.732050807568877,2022-05-18,138
SERC,Hog,2B,NA,38.8798297175,-76.5519531425,0.3785,2022,5,25,0.01,198.9999999999999,1.732050807568877,2022-05-25,145
SERC,Hog,2B,NA,38.8798297175,-76.5519531425,0.3785,2022,6,13,0.01,369.00000000000006,1.732050807568877,2022-06-13,164
SERC,Hog,2B,NA,38.8798297175,-76.5519531425,0.3785,2022,6,28,0.01,1016.9999999999997,1.4142135623730947,2022-06-28,179
SERC,Hog,2B,NA,38.8798297175,-76.5519531425,0.3785,2022,7,18,0.01,757.9999999999999,1.732050807568877,2022-07-18,199
SERC,Hog,2B,NA,38.8798297175,-76.5519531425,0.3785,2022,8,18,0.01,833.9999999999998,1.732050807568877,2022-08-18,230
SERC,Hog,2B,NA,38.8798297175,-76.5519531425,0.3785,2022,9,19,0.01,290.99999999999994,0.9999999999999998,2022-09-19,262
SERC,Hog,2B,NA,38.8798297175,-76.5519531425,0.3785,2022,10,23,0.01,248,1.4142135623730947,2022-10-23,296
SERC,Hog,2B,NA,38.8798297175,-76.5519531425,0.3785,2022,11,19,0.01,28.999999999999996,0.9999999999999998,2022-11-19,323
SERC,Hog,2B,NA,38.8798366475,-76.551947,0.378,2021,4,23,0.01,16.00000000000001,0.9999999999999998,2021-04-23,113
SERC,Hog,2B,NA,38.8798366475,-76.551947,0.378,2021,4,29,0.01,45.999999999999986,1.4142135623730947,2021-04-29,119
SERC,Hog,2B,NA,38.8798366475,-76.551947,0.378,2021,5,4,0.01,48.000000000000036,1.4142135623730947,2021-05-04,124
SERC,Hog,2B,NA,38.8798366475,-76.551947,0.378,2021,5,12,0.01,9.999999999999964,0.9999999999999998,2021-05-12,132
SERC,Hog,2B,NA,38.8798366475,-76.551947,0.378,2021,5,27,0.01,206.99999999999997,1.4142135623730947,2021-05-27,147
SERC,Hog,2B,NA,38.8798366475,-76.551947,0.378,2021,6,3,0.01,363.9999999999999,1.732050807568877,2021-06-03,154
SERC,Hog,2B,NA,38.8798366475,-76.551947,0.378,2021,6,8,0.01,684.9999999999999,2.449489742783178,2021-06-08,159
SERC,Hog,2B,NA,38.8798366475,-76.551947,0.378,2021,6,15,0.01,123.00000000000001,1.4142135623730947,2021-06-15,166
SERC,Hog,2B,NA,38.8798366475,-76.551947,0.378,2021,6,24,0.01,417.9999999999999,1.4142135623730947,2021-06-24,175
SERC,Hog,2B,NA,38.8798366475,-76.551947,0.378,2021,7,9,0.01,681,1.4142135623730947,2021-07-09,190
SERC,Hog,2B,NA,38.8798366475,-76.551947,0.378,2021,7,20,0.01,518,1.4142135623730947,2021-07-20,201
SERC,Hog,2B,NA,38.8798366475,-76.551947,0.378,2021,8,20,0.01,937.9999999999999,1.4142135623730947,2021-08-20,232
SERC,Hog,2B,NA,38.8798366475,-76.551947,0.378,2021,9,16,0.01,941,1.732050807568877,2021-09-16,259
SERC,Hog,2B,NA,38.8798366475,-76.551947,0.378,2021,10,12,0.01,65.00000000000011,1.4142135623730947,2021-10-12,285
SERC,Hog,2B,NA,38.8798366475,-76.551947,0.378,2021,10,15,0.01,113.99999999999994,0.9999999999999998,2021-10-15,288
SERC,Hog,2B,NA,38.8798366475,-76.551947,0.378,2021,11,8,0.01,140.9999999999998,1.732050807568877,2021-11-08,312
SERC,Kirk,1A,1,38.87534427,-76.544742234,0.29619999999999996,2020,8,17,0.01,945.9999999999997,1.4142135623730947,2020-08-17,230
SERC,Kirk,1A,10,38.87534427,-76.544742234,0.29619999999999996,2020,8,17,0.01,1021.9999999999997,1.4142135623730947,2020-08-17,230
SERC,Kirk,1A,11,38.87534427,-76.544742234,0.29619999999999996,2020,8,17,0.01,273,1.732050807568877,2020-08-17,230
SERC,Kirk,1A,12,38.87534427,-76.544742234,0.29619999999999996,2020,8,17,0.01,80.00000000000006,0.9999999999999998,2020-08-17,230
SERC,Kirk,1A,12,38.87534427,-76.544742234,0.29619999999999996,2020,8,18,0.01,162.00000000000006,0.9999999999999998,2020-08-18,231
SERC,Kirk,1A,13,38.87534427,-76.544742234,0.29619999999999996,2020,8,17,0.01,250.99999999999991,0.9999999999999998,2020-08-17,230
SERC,Kirk,1A,14,38.87534427,-76.544742234,0.29619999999999996,2020,8,17,0.01,485.99999999999983,1.4142135623730947,2020-08-17,230
SERC,Kirk,1A,15,38.87534427,-76.544742234,0.29619999999999996,2020,8,17,0.01,373,1.4142135623730947,2020-08-17,230
SERC,Kirk,1A,16,38.87534427,-76.544742234,0.29619999999999996,2020,8,17,0.01,1356,1.732050807568877,2020-08-17,230
SERC,Kirk,1A,17,38.87534427,-76.544742234,0.29619999999999996,2020,8,17,0.01,479,1.4142135623730947,2020-08-17,230
SERC,Kirk,1A,18,38.87534427,-76.544742234,0.29619999999999996,2020,8,17,0.01,1159,1.732050807568877,2020-08-17,230
SERC,Kirk,1A,19,38.87534427,-76.544742234,0.29619999999999996,2020,8,17,0.01,158.99999999999977,1.4142135623730947,2020-08-17,230
SERC,Kirk,1A,2,38.87534427,-76.544742234,0.29619999999999996,2020,8,17,0.01,734.9999999999999,1.4142135623730947,2020-08-17,230
SERC,Kirk,1A,20,38.87534427,-76.544742234,0.29619999999999996,2020,8,17,0.01,854.9999999999998,1.4142135623730947,2020-08-17,230
SERC,Kirk,1A,21,38.87534427,-76.544742234,0.29619999999999996,2020,8,17,0.01,1015.9999999999995,1.732050807568877,2020-08-17,230
SERC,Kirk,1A,22,38.87534427,-76.544742234,0.29619999999999996,2020,8,18,0.01,439.99999999999994,1.4142135623730947,2020-08-18,231
SERC,Kirk,1A,23,38.87534427,-76.544742234,0.29619999999999996,2020,8,17,0.01,607.9999999999997,1.732050807568877,2020-08-17,230
SERC,Kirk,1A,24,38.87534427,-76.544742234,0.29619999999999996,2020,8,17,0.01,954.9999999999999,1.4142135623730947,2020-08-17,230
SERC,Kirk,1A,25,38.87534427,-76.544742234,0.29619999999999996,2020,8,17,0.01,277.9999999999999,1.4142135623730947,2020-08-17,230
SERC,Kirk,1A,25,38.87534427,-76.544742234,0.29619999999999996,2020,8,18,0.01,223.99999999999997,0.9999999999999998,2020-08-18,231
SERC,Kirk,1A,3,38.87534427,-76.544742234,0.29619999999999996,2020,8,17,0.01,772.9999999999999,1.732050807568877,2020-08-17,230
SERC,Kirk,1A,4,38.87534427,-76.544742234,0.29619999999999996,2020,8,17,0.01,289,1.4142135623730947,2020-08-17,230
SERC,Kirk,1A,5,38.87534427,-76.544742234,0.29619999999999996,2020,8,17,0.01,396,1.732050807568877,2020-08-17,230
SERC,Kirk,1A,6,38.87534427,-76.544742234,0.29619999999999996,2020,8,17,0.01,588.9999999999999,1.732050807568877,2020-08-17,230
SERC,Kirk,1A,7,38.87534427,-76.544742234,0.29619999999999996,2020,8,17,0.01,429.9999999999998,1.4142135623730947,2020-08-17,230
SERC,Kirk,1A,8,38.87534427,-76.544742234,0.29619999999999996,2020,8,17,0.01,410.0000000000001,1.732050807568877,2020-08-17,230
SERC,Kirk,1A,9,38.87534427,-76.544742234,0.29619999999999996,2020,8,17,0.01,622.9999999999998,1.4142135623730947,2020-08-17,230
SERC,Kirk,1A,NA,38.875304445,-76.54471144749999,0.3095,2022,3,30,0.01,29.000000000000085,1.4142135623730947,2022-03-30,89
SERC,Kirk,1A,NA,38.875304445,-76.54471144749999,0.3095,2022,4,12,0.01,32.00000000000003,1.4142135623730947,2022-04-12,102
SERC,Kirk,1A,NA,38.875304445,-76.54471144749999,0.3095,2022,4,25,0.01,468.9999999999998,1.732050807568877,2022-04-25,115
SERC,Kirk,1A,NA,38.875304445,-76.54471144749999,0.3095,2022,5,18,0.01,190,1.732050807568877,2022-05-18,138
SERC,Kirk,1A,NA,38.875304445,-76.54471144749999,0.3095,2022,5,26,0.01,78.00000000000001,0.9999999999999998,2022-05-26,146
SERC,Kirk,1A,NA,38.875304445,-76.54471144749999,0.3095,2022,6,29,0.01,848,1.732050807568877,2022-06-29,180
SERC,Kirk,1A,NA,38.875304445,-76.54471144749999,0.3095,2022,7,19,0.01,1078,1.4142135623730947,2022-07-19,200
SERC,Kirk,1A,NA,38.875304445,-76.54471144749999,0.3095,2022,8,19,0.01,941,1.4142135623730947,2022-08-19,231
SERC,Kirk,1A,NA,38.875304445,-76.54471144749999,0.3095,2022,9,19,0.01,362,1.4142135623730947,2022-09-19,262
SERC,Kirk,1A,NA,38.875304445,-76.54471144749999,0.3095,2022,10,23,0.01,520,1.4142135623730947,2022-10-23,296
SERC,Kirk,1A,NA,38.875304445,-76.54471144749999,0.3095,2022,11,19,0.01,174,0.9999999999999998,2022-11-19,323
SERC,Kirk,1A,NA,38.87531092,-76.54471925749999,0.30074999999999996,2021,4,14,0.01,94,0.9999999999999998,2021-04-14,104
SERC,Kirk,1A,NA,38.87531092,-76.54471925749999,0.30074999999999996,2021,4,20,0.01,68.99999999999994,1.4142135623730947,2021-04-20,110
SERC,Kirk,1A,NA,38.87531092,-76.54471925749999,0.30074999999999996,2021,4,28,0.01,130.99999999999994,1.4142135623730947,2021-04-28,118
SERC,Kirk,1A,NA,38.87531092,-76.54471925749999,0.30074999999999996,2021,5,6,0.01,108.99999999999997,1.732050807568877,2021-05-06,126
SERC,Kirk,1A,NA,38.87531092,-76.54471925749999,0.30074999999999996,2021,5,12,0.01,35.00000000000005,0.9999999999999998,2021-05-12,132
SERC,Kirk,1A,NA,38.87531092,-76.54471925749999,0.30074999999999996,2021,5,28,0.01,794.9999999999999,1.9999999999999996,2021-05-28,148
SERC,Kirk,1A,NA,38.87531092,-76.54471925749999,0.30074999999999996,2021,6,1,0.01,527.9999999999998,1.9999999999999996,2021-06-01,152
SERC,Kirk,1A,NA,38.87531092,-76.54471925749999,0.30074999999999996,2021,6,8,0.01,326.99999999999994,1.9999999999999996,2021-06-08,159
SERC,Kirk,1A,NA,38.87531092,-76.54471925749999,0.30074999999999996,2021,6,15,0.01,206.99999999999997,1.4142135623730947,2021-06-15,166
SERC,Kirk,1A,NA,38.87531092,-76.54471925749999,0.30074999999999996,2021,6,25,0.01,488.9999999999999,1.732050807568877,2021-06-25,176
SERC,Kirk,1A,NA,38.87531092,-76.54471925749999,0.30074999999999996,2021,7,9,0.01,313.99999999999983,1.732050807568877,2021-07-09,190
SERC,Kirk,1A,NA,38.87531092,-76.54471925749999,0.30074999999999996,2021,7,22,0.01,588.9999999999999,1.4142135623730947,2021-07-22,203
SERC,Kirk,1A,NA,38.87531092,-76.54471925749999,0.30074999999999996,2021,9,16,0.01,1090.9999999999995,1.4142135623730947,2021-09-16,259
SERC,Kirk,1A,NA,38.87531092,-76.54471925749999,0.30074999999999996,2021,10,12,0.01,525.9999999999999,1.732050807568877,2021-10-12,285
SERC,Kirk,1A,NA,38.87531092,-76.54471925749999,0.30074999999999996,2021,11,8,0.01,294.9999999999999,1.732050807568877,2021-11-08,312
SERC,Kirk,1A,NA,38.87534427,-76.544742234,0.29619999999999996,2020,8,18,0.01,454,1.4142135623730947,2020-08-18,231
SERC,Kirk,1B,NA,38.8753062325,-76.54470019,0.3275,2022,3,30,0.01,28.999999999999908,0.9999999999999998,2022-03-30,89
SERC,Kirk,1B,NA,38.8753062325,-76.54470019,0.3275,2022,4,12,0.01,15.00000000000003,1.4142135623730947,2022-04-12,102
SERC,Kirk,1B,NA,38.8753062325,-76.54470019,0.3275,2022,4,25,0.01,74,0.9999999999999998,2022-04-25,115
SERC,Kirk,1B,NA,38.8753062325,-76.54470019,0.3275,2022,5,18,0.01,293.9999999999999,1.4142135623730947,2022-05-18,138
SERC,Kirk,1B,NA,38.8753062325,-76.54470019,0.3275,2022,5,26,0.01,80.00000000000006,0.9999999999999998,2022-05-26,146
SERC,Kirk,1B,NA,38.8753062325,-76.54470019,0.3275,2022,6,29,0.01,841.9999999999998,1.732050807568877,2022-06-29,180
SERC,Kirk,1B,NA,38.8753062325,-76.54470019,0.3275,2022,7,19,0.01,1196.9999999999998,1.732050807568877,2022-07-19,200
SERC,Kirk,1B,NA,38.8753062325,-76.54470019,0.3275,2022,8,19,0.01,1223,1.732050807568877,2022-08-19,231
SERC,Kirk,1B,NA,38.8753062325,-76.54470019,0.3275,2022,9,19,0.01,1986.9999999999995,1.4142135623730947,2022-09-19,262
SERC,Kirk,1B,NA,38.8753062325,-76.54470019,0.3275,2022,10,23,0.01,573,1.732050807568877,2022-10-23,296
SERC,Kirk,1B,NA,38.8753062325,-76.54470019,0.3275,2022,11,19,0.01,336.0000000000001,1.4142135623730947,2022-11-19,323
SERC,Kirk,1B,NA,38.875313075,-76.54470382,0.266,2021,4,14,0.01,28.000000000000018,0.9999999999999998,2021-04-14,104
SERC,Kirk,1B,NA,38.875313075,-76.54470382,0.266,2021,4,20,0.01,32.00000000000002,1.4142135623730947,2021-04-20,110
SERC,Kirk,1B,NA,38.875313075,-76.54470382,0.266,2021,4,28,0.01,52.99999999999993,0.9999999999999998,2021-04-28,118
SERC,Kirk,1B,NA,38.875313075,-76.54470382,0.266,2021,5,6,0.01,57.00000000000002,1.4142135623730947,2021-05-06,126
SERC,Kirk,1B,NA,38.875313075,-76.54470382,0.266,2021,5,12,0.01,356.99999999999994,1.732050807568877,2021-05-12,132
SERC,Kirk,1B,NA,38.875313075,-76.54470382,0.266,2021,5,18,0.01,28.000000000000018,0.9999999999999998,2021-05-18,138
SERC,Kirk,1B,NA,38.875313075,-76.54470382,0.266,2021,5,26,0.01,154.99999999999994,0.9999999999999998,2021-05-26,146
SERC,Kirk,1B,NA,38.875313075,-76.54470382,0.266,2021,5,28,0.01,360,1.732050807568877,2021-05-28,148
SERC,Kirk,1B,NA,38.875313075,-76.54470382,0.266,2021,6,1,0.01,568,1.732050807568877,2021-06-01,152
SERC,Kirk,1B,NA,38.875313075,-76.54470382,0.266,2021,6,8,0.01,204.99999999999994,1.732050807568877,2021-06-08,159
SERC,Kirk,1B,NA,38.875313075,-76.54470382,0.266,2021,6,15,0.01,176.99999999999994,1.4142135623730947,2021-06-15,166
SERC,Kirk,1B,NA,38.875313075,-76.54470382,0.266,2021,6,25,0.01,286.00000000000006,1.732050807568877,2021-06-25,176
SERC,Kirk,1B,NA,38.875313075,-76.54470382,0.266,2021,7,9,0.01,253.99999999999994,1.4142135623730947,2021-07-09,190
SERC,Kirk,1B,NA,38.875313075,-76.54470382,0.266,2021,7,22,0.01,496,1.9999999999999996,2021-07-22,203
SERC,Kirk,1B,NA,38.875313075,-76.54470382,0.266,2021,9,16,0.01,885.9999999999998,1.4142135623730947,2021-09-16,259
SERC,Kirk,1B,NA,38.875313075,-76.54470382,0.266,2021,10,15,0.01,843.9999999999998,1.732050807568877,2021-10-15,288
SERC,Kirk,1B,NA,38.875313075,-76.54470382,0.266,2021,11,8,0.01,892.9999999999998,1.732050807568877,2021-11-08,312
SERC,Kirk,2A,NA,38.875380725,-76.54457644,0.27675,2022,4,12,0.01,8.000000000000094,1.4142135623730947,2022-04-12,102
SERC,Kirk,2A,NA,38.875380725,-76.54457644,0.27675,2022,4,25,0.01,26.99999999999995,0.9999999999999998,2022-04-25,115
SERC,Kirk,2A,NA,38.875380725,-76.54457644,0.27675,2022,5,18,0.01,304,1.4142135623730947,2022-05-18,138
SERC,Kirk,2A,NA,38.875380725,-76.54457644,0.27675,2022,5,26,0.01,235,1.4142135623730947,2022-05-26,146
SERC,Kirk,2A,NA,38.875380725,-76.54457644,0.27675,2022,6,29,0.01,1212.9999999999998,1.4142135623730947,2022-06-29,180
SERC,Kirk,2A,NA,38.875380725,-76.54457644,0.27675,2022,7,19,0.01,1101.9999999999998,1.732050807568877,2022-07-19,200
SERC,Kirk,2A,NA,38.875380725,-76.54457644,0.27675,2022,8,19,0.01,1217.9999999999995,1.9999999999999996,2022-08-19,231
SERC,Kirk,2A,NA,38.875380725,-76.54457644,0.27675,2022,9,19,0.01,712,1.4142135623730947,2022-09-19,262
SERC,Kirk,2A,NA,38.875380725,-76.54457644,0.27675,2022,10,23,0.01,831.9999999999998,1.732050807568877,2022-10-23,296
SERC,Kirk,2A,NA,38.875380725,-76.54457644,0.27675,2022,11,19,0.01,302.99999999999994,0.9999999999999998,2022-11-19,323
SERC,Kirk,2A,NA,38.875384105,-76.54459113,0.28075,2021,4,14,0.01,14.000000000000052,0.9999999999999998,2021-04-14,104
SERC,Kirk,2A,NA,38.875384105,-76.54459113,0.28075,2021,4,20,0.01,51.99999999999995,0.9999999999999998,2021-04-20,110
SERC,Kirk,2A,NA,38.875384105,-76.54459113,0.28075,2021,4,28,0.01,32.00000000000002,0.9999999999999998,2021-04-28,118
SERC,Kirk,2A,NA,38.875384105,-76.54459113,0.28075,2021,5,6,0.01,131.00000000000003,1.732050807568877,2021-05-06,126
SERC,Kirk,2A,NA,38.875384105,-76.54459113,0.28075,2021,5,12,0.01,116.00000000000009,1.4142135623730947,2021-05-12,132
SERC,Kirk,2A,NA,38.875384105,-76.54459113,0.28075,2021,5,18,0.01,50.99999999999997,0.9999999999999998,2021-05-18,138
SERC,Kirk,2A,NA,38.875384105,-76.54459113,0.28075,2021,5,28,0.01,283.9999999999999,1.732050807568877,2021-05-28,148
SERC,Kirk,2A,NA,38.875384105,-76.54459113,0.28075,2021,6,1,0.01,376.9999999999999,1.732050807568877,2021-06-01,152
SERC,Kirk,2A,NA,38.875384105,-76.54459113,0.28075,2021,6,8,0.01,299,1.4142135623730947,2021-06-08,159
SERC,Kirk,2A,NA,38.875384105,-76.54459113,0.28075,2021,6,14,0.01,49.000000000000014,0.9999999999999998,2021-06-14,165
SERC,Kirk,2A,NA,38.875384105,-76.54459113,0.28075,2021,6,15,0.01,436.9999999999999,1.4142135623730947,2021-06-15,166
SERC,Kirk,2A,NA,38.875384105,-76.54459113,0.28075,2021,6,25,0.01,419.99999999999994,1.4142135623730947,2021-06-25,176
SERC,Kirk,2A,NA,38.875384105,-76.54459113,0.28075,2021,7,9,0.01,1089.9999999999998,1.732050807568877,2021-07-09,190
SERC,Kirk,2A,NA,38.875384105,-76.54459113,0.28075,2021,7,22,0.01,471.9999999999999,1.4142135623730947,2021-07-22,203
SERC,Kirk,2A,NA,38.875384105,-76.54459113,0.28075,2021,9,16,0.01,841.9999999999999,1.732050807568877,2021-09-16,259
SERC,Kirk,2A,NA,38.875384105,-76.54459113,0.28075,2021,10,15,0.01,1033.9999999999998,1.732050807568877,2021-10-15,288
SERC,Kirk,2A,NA,38.875384105,-76.54459113,0.28075,2021,11,8,0.01,1250.9999999999995,1.732050807568877,2021-11-08,312
SERC,Kirk,2A,NA,NA,NA,NA,2020,8,18,0.01,739.9999999999999,1.4142135623730947,2020-08-18,231
SERC,Kirk,2B,NA,38.8753945225,-76.54459460999999,0.3025,2021,4,14,0.01,23.00000000000004,0.9999999999999998,2021-04-14,104
SERC,Kirk,2B,NA,38.8753945225,-76.54459460999999,0.3025,2021,4,20,0.01,62.99999999999998,0.9999999999999998,2021-04-20,110
SERC,Kirk,2B,NA,38.8753945225,-76.54459460999999,0.3025,2021,4,28,0.01,28.000000000000018,0.9999999999999998,2021-04-28,118
SERC,Kirk,2B,NA,38.8753945225,-76.54459460999999,0.3025,2021,5,6,0.01,99.99999999999989,1.4142135623730947,2021-05-06,126
SERC,Kirk,2B,NA,38.8753945225,-76.54459460999999,0.3025,2021,5,12,0.01,82.9999999999999,0.9999999999999998,2021-05-12,132
SERC,Kirk,2B,NA,38.8753945225,-76.54459460999999,0.3025,2021,5,18,0.01,118.00000000000004,0.9999999999999998,2021-05-18,138
SERC,Kirk,2B,NA,38.8753945225,-76.54459460999999,0.3025,2021,5,28,0.01,406.99999999999983,1.4142135623730947,2021-05-28,148
SERC,Kirk,2B,NA,38.8753945225,-76.54459460999999,0.3025,2021,6,1,0.01,344,1.732050807568877,2021-06-01,152
SERC,Kirk,2B,NA,38.8753945225,-76.54459460999999,0.3025,2021,6,8,0.01,670.9999999999999,2.449489742783178,2021-06-08,159
SERC,Kirk,2B,NA,38.8753945225,-76.54459460999999,0.3025,2021,6,15,0.01,261.99999999999994,1.732050807568877,2021-06-15,166
SERC,Kirk,2B,NA,38.8753945225,-76.54459460999999,0.3025,2021,6,25,0.01,394.00000000000006,1.732050807568877,2021-06-25,176
SERC,Kirk,2B,NA,38.8753945225,-76.54459460999999,0.3025,2021,7,9,0.01,409.99999999999983,1.732050807568877,2021-07-09,190
SERC,Kirk,2B,NA,38.8753945225,-76.54459460999999,0.3025,2021,7,22,0.01,437.99999999999994,1.4142135623730947,2021-07-22,203
SERC,Kirk,2B,NA,38.8753945225,-76.54459460999999,0.3025,2021,9,16,0.01,847,1.732050807568877,2021-09-16,259
SERC,Kirk,2B,NA,38.8753945225,-76.54459460999999,0.3025,2021,10,15,0.01,1488.9999999999995,1.732050807568877,2021-10-15,288
SERC,Kirk,2B,NA,38.8753945225,-76.54459460999999,0.3025,2021,11,8,0.01,684,1.732050807568877,2021-11-08,312
SERC,Kirk,2B,NA,38.875402185,-76.5445921325,0.29625,2022,3,30,0.01,42.99999999999987,1.4142135623730947,2022-03-30,89
SERC,Kirk,2B,NA,38.875402185,-76.5445921325,0.29625,2022,5,18,0.01,236.99999999999997,1.732050807568877,2022-05-18,138
SERC,Kirk,2B,NA,38.875402185,-76.5445921325,0.29625,2022,6,29,0.01,626.9999999999998,1.732050807568877,2022-06-29,180
SERC,Kirk,2B,NA,38.875402185,-76.5445921325,0.29625,2022,7,19,0.01,1083.9999999999998,1.4142135623730947,2022-07-19,200
SERC,Kirk,2B,NA,38.875402185,-76.5445921325,0.29625,2022,8,19,0.01,1068.9999999999995,1.732050807568877,2022-08-19,231
SERC,Kirk,2B,NA,38.875402185,-76.5445921325,0.29625,2022,9,19,0.01,1685.9999999999995,1.4142135623730947,2022-09-19,262
SERC,Kirk,2B,NA,38.875402185,-76.5445921325,0.29625,2022,10,23,0.01,801.9999999999998,1.4142135623730947,2022-10-23,296
SERC,Kirk,2B,NA,38.875402185,-76.5445921325,0.29625,2022,11,19,0.01,202.99999999999997,0.9999999999999998,2022-11-19,323
SERC,Mud,1A,1,38.887350025,-76.5619865075,0.4385,2020,8,18,0.01,101.00000000000014,1.4142135623730947,2020-08-18,231
SERC,Mud,1A,10,38.887350025,-76.5619865075,0.4385,2020,8,18,0.01,276.0000000000001,1.732050807568877,2020-08-18,231
SERC,Mud,1A,11,38.887350025,-76.5619865075,0.4385,2020,8,18,0.01,512.9999999999998,2.2360679774997894,2020-08-18,231
SERC,Mud,1A,12,38.887350025,-76.5619865075,0.4385,2020,8,18,0.01,45.9999999999999,1.732050807568877,2020-08-18,231
SERC,Mud,1A,13,38.887350025,-76.5619865075,0.4385,2020,8,18,0.01,436.00000000000006,1.732050807568877,2020-08-18,231
SERC,Mud,1A,14,38.887350025,-76.5619865075,0.4385,2020,8,18,0.01,65.00000000000003,0.9999999999999998,2020-08-18,231
SERC,Mud,1A,15,38.887350025,-76.5619865075,0.4385,2020,8,18,0.01,158.99999999999994,0.9999999999999998,2020-08-18,231
SERC,Mud,1A,16,38.887350025,-76.5619865075,0.4385,2020,8,18,0.01,112.99999999999987,1.732050807568877,2020-08-18,231
SERC,Mud,1A,17,38.887350025,-76.5619865075,0.4385,2020,8,18,0.01,1028.9999999999998,1.9999999999999996,2020-08-18,231
SERC,Mud,1A,18,38.887350025,-76.5619865075,0.4385,2020,8,17,0.01,290,0.9999999999999998,2020-08-17,230
SERC,Mud,1A,18,38.887350025,-76.5619865075,0.4385,2020,8,18,0.01,1821.9999999999995,1.9999999999999996,2020-08-18,231
SERC,Mud,1A,19,38.887350025,-76.5619865075,0.4385,2020,8,18,0.01,1211.9999999999995,1.9999999999999996,2020-08-18,231
SERC,Mud,1A,2,38.887350025,-76.5619865075,0.4385,2020,8,18,0.01,234.99999999999974,1.4142135623730947,2020-08-18,231
SERC,Mud,1A,20,38.887350025,-76.5619865075,0.4385,2020,8,18,0.01,505,1.732050807568877,2020-08-18,231
SERC,Mud,1A,21,38.887350025,-76.5619865075,0.4385,2020,8,18,0.01,156.0000000000002,1.732050807568877,2020-08-18,231
SERC,Mud,1A,22,38.887350025,-76.5619865075,0.4385,2020,8,18,0.01,389.0000000000001,1.732050807568877,2020-08-18,231
SERC,Mud,1A,23,38.887350025,-76.5619865075,0.4385,2020,8,18,0.01,200.99999999999994,1.4142135623730947,2020-08-18,231
SERC,Mud,1A,24,38.887350025,-76.5619865075,0.4385,2020,8,18,0.01,290,1.732050807568877,2020-08-18,231
SERC,Mud,1A,25,38.887350025,-76.5619865075,0.4385,2020,8,18,0.01,337,1.4142135623730947,2020-08-18,231
SERC,Mud,1A,3,38.887350025,-76.5619865075,0.4385,2020,8,18,0.01,154.00000000000006,1.4142135623730947,2020-08-18,231
SERC,Mud,1A,4,38.887350025,-76.5619865075,0.4385,2020,8,18,0.01,11.99999999999992,0.9999999999999998,2020-08-18,231
SERC,Mud,1A,5,38.887350025,-76.5619865075,0.4385,2020,8,18,0.01,202.9999999999999,1.4142135623730947,2020-08-18,231
SERC,Mud,1A,6,38.887350025,-76.5619865075,0.4385,2020,8,18,0.01,7.000000000000027,1.4142135623730947,2020-08-18,231
SERC,Mud,1A,8,38.887350025,-76.5619865075,0.4385,2020,8,18,0.01,27.999999999999932,1.4142135623730947,2020-08-18,231
SERC,Mud,1A,9,38.887350025,-76.5619865075,0.4385,2020,8,18,0.01,563,1.4142135623730947,2020-08-18,231
SERC,Mud,1A,NA,38.88735015666667,-76.56203691,0.319,2021,3,30,0.01,0,0.9999999999999998,2021-03-30,89
SERC,Mud,1A,NA,38.88735015666667,-76.56203691,0.319,2021,4,6,0.01,62.00000000000001,1.732050807568877,2021-04-06,96
SERC,Mud,1A,NA,38.88735015666667,-76.56203691,0.319,2021,4,14,0.01,188.00000000000003,1.9999999999999996,2021-04-14,104
SERC,Mud,1A,NA,38.88735015666667,-76.56203691,0.319,2021,4,20,0.01,69.00000000000003,1.732050807568877,2021-04-20,110
SERC,Mud,1A,NA,38.88735015666667,-76.56203691,0.319,2021,4,28,0.01,111,1.4142135623730947,2021-04-28,118
SERC,Mud,1A,NA,38.88735015666667,-76.56203691,0.319,2021,5,4,0.01,57.00000000000011,1.4142135623730947,2021-05-04,124
SERC,Mud,1A,NA,38.88735015666667,-76.56203691,0.319,2021,5,12,0.01,24.000000000000018,0.9999999999999998,2021-05-12,132
SERC,Mud,1A,NA,38.88735015666667,-76.56203691,0.319,2021,5,27,0.01,988.9999999999998,1.4142135623730947,2021-05-27,147
SERC,Mud,1A,NA,38.88735015666667,-76.56203691,0.319,2021,6,2,0.01,1075.9999999999998,1.9999999999999996,2021-06-02,153
SERC,Mud,1A,NA,38.88735015666667,-76.56203691,0.319,2021,6,8,0.01,1881.9999999999995,1.9999999999999996,2021-06-08,159
SERC,Mud,1A,NA,38.88735015666667,-76.56203691,0.319,2021,6,23,0.01,846.9999999999999,1.9999999999999996,2021-06-23,174
SERC,Mud,1A,NA,38.88735015666667,-76.56203691,0.319,2021,7,16,0.01,1067.9999999999998,1.9999999999999996,2021-07-16,197
SERC,Mud,1A,NA,38.88735015666667,-76.56203691,0.319,2021,8,20,0.01,3013.9999999999995,0.9999999999999998,2021-08-20,232
SERC,Mud,1A,NA,38.88735015666667,-76.56203691,0.319,2021,10,12,0.01,364.99999999999994,0.9999999999999998,2021-10-12,285
SERC,Mud,1A,NA,38.88735015666667,-76.56203691,0.319,2021,11,9,0.01,1297.9999999999995,0.9999999999999998,2021-11-09,313
SERC,Mud,1A,NA,38.887350532,-76.562045074,0.3112,2022,3,30,0.01,33.99999999999998,1.4142135623730947,2022-03-30,89
SERC,Mud,1A,NA,38.887350532,-76.562045074,0.3112,2022,4,12,0.01,45.00000000000001,1.9999999999999996,2022-04-12,102
SERC,Mud,1A,NA,38.887350532,-76.562045074,0.3112,2022,4,26,0.01,488.9999999999999,1.4142135623730947,2022-04-26,116
SERC,Mud,1A,NA,38.887350532,-76.562045074,0.3112,2022,5,18,0.01,521.9999999999999,1.9999999999999996,2022-05-18,138
SERC,Mud,1A,NA,38.887350532,-76.562045074,0.3112,2022,6,1,0.01,353.00000000000006,2.2360679774997894,2022-06-01,152
SERC,Mud,1A,NA,38.887350532,-76.562045074,0.3112,2022,6,28,0.01,628.9999999999999,1.9999999999999996,2022-06-28,179
SERC,Mud,1A,NA,38.887350532,-76.562045074,0.3112,2022,7,19,0.01,3944,2.2360679774997894,2022-07-19,200
SERC,Mud,1A,NA,38.887350532,-76.562045074,0.3112,2022,8,18,0.01,485.9999999999998,1.4142135623730947,2022-08-18,230
SERC,Mud,1A,NA,38.887350532,-76.562045074,0.3112,2022,9,19,0.01,605.9999999999998,1.4142135623730947,2022-09-19,262
SERC,Mud,1A,NA,38.887350532,-76.562045074,0.3112,2022,10,23,0.01,143.0000000000001,1.732050807568877,2022-10-23,296
SERC,Mud,1A,NA,38.887350532,-76.562045074,0.3112,2022,11,19,0.01,8.999999999999984,1.4142135623730947,2022-11-19,323
SERC,Mud,1B,NA,38.887340075,-76.56204821,0.32175,2022,3,15,0.01,0,0.9999999999999998,2022-03-15,74
SERC,Mud,1B,NA,38.887340075,-76.56204821,0.32175,2022,3,30,0.01,8.999999999999984,0.9999999999999998,2022-03-30,89
SERC,Mud,1B,NA,38.887340075,-76.56204821,0.32175,2022,4,12,0.01,0,0.9999999999999998,2022-04-12,102
SERC,Mud,1B,NA,38.887340075,-76.56204821,0.32175,2022,4,26,0.01,104.99999999999997,1.732050807568877,2022-04-26,116
SERC,Mud,1B,NA,38.887340075,-76.56204821,0.32175,2022,5,18,0.01,294.9999999999999,1.9999999999999996,2022-05-18,138
SERC,Mud,1B,NA,38.887340075,-76.56204821,0.32175,2022,6,13,0.01,842.9999999999997,1.9999999999999996,2022-06-13,164
SERC,Mud,1B,NA,38.887340075,-76.56204821,0.32175,2022,6,28,0.01,912.9999999999999,1.9999999999999996,2022-06-28,179
SERC,Mud,1B,NA,38.887340075,-76.56204821,0.32175,2022,7,19,0.01,1484.9999999999998,1.732050807568877,2022-07-19,200
SERC,Mud,1B,NA,38.887340075,-76.56204821,0.32175,2022,8,18,0.01,1359.9999999999995,1.9999999999999996,2022-08-18,230
SERC,Mud,1B,NA,38.887340075,-76.56204821,0.32175,2022,9,19,0.01,814.9999999999997,1.4142135623730947,2022-09-19,262
SERC,Mud,1B,NA,38.887340075,-76.56204821,0.32175,2022,10,23,0.01,114.99999999999984,0.9999999999999998,2022-10-23,296
SERC,Mud,1B,NA,38.887340075,-76.56204821,0.32175,2022,11,19,0.01,53.000000000000014,1.4142135623730947,2022-11-19,323
SERC,Mud,1B,NA,38.8873498825,-76.56203655,0.33075,2021,3,30,0.01,26.999999999999954,1.732050807568877,2021-03-30,89
SERC,Mud,1B,NA,38.8873498825,-76.56203655,0.33075,2021,4,14,0.01,63.00000000000007,1.4142135623730947,2021-04-14,104
SERC,Mud,1B,NA,38.8873498825,-76.56203655,0.33075,2021,4,20,0.01,99.99999999999999,1.4142135623730947,2021-04-20,110
SERC,Mud,1B,NA,38.8873498825,-76.56203655,0.33075,2021,4,28,0.01,176.99999999999991,1.4142135623730947,2021-04-28,118
SERC,Mud,1B,NA,38.8873498825,-76.56203655,0.33075,2021,5,4,0.01,329.99999999999994,1.4142135623730947,2021-05-04,124
SERC,Mud,1B,NA,38.8873498825,-76.56203655,0.33075,2021,5,12,0.01,184.00000000000006,1.4142135623730947,2021-05-12,132
SERC,Mud,1B,NA,38.8873498825,-76.56203655,0.33075,2021,5,21,0.01,427.99999999999983,0.9999999999999998,2021-05-21,141
SERC,Mud,1B,NA,38.8873498825,-76.56203655,0.33075,2021,5,27,0.01,97.00000000000006,1.4142135623730947,2021-05-27,147
SERC,Mud,1B,NA,38.8873498825,-76.56203655,0.33075,2021,6,2,0.01,1011.9999999999997,1.732050807568877,2021-06-02,153
SERC,Mud,1B,NA,38.8873498825,-76.56203655,0.33075,2021,6,8,0.01,888.9999999999998,1.9999999999999996,2021-06-08,159
SERC,Mud,1B,NA,38.8873498825,-76.56203655,0.33075,2021,6,23,0.01,1307.9999999999998,1.4142135623730947,2021-06-23,174
SERC,Mud,1B,NA,38.8873498825,-76.56203655,0.33075,2021,7,16,0.01,663.9999999999998,1.732050807568877,2021-07-16,197
SERC,Mud,1B,NA,38.8873498825,-76.56203655,0.33075,2021,8,20,0.01,1186.9999999999998,0.9999999999999998,2021-08-20,232
SERC,Mud,1B,NA,38.8873498825,-76.56203655,0.33075,2021,10,12,0.01,50.99999999999997,0.9999999999999998,2021-10-12,285
SERC,Mud,1B,NA,38.8873498825,-76.56203655,0.33075,2021,11,9,0.01,344.99999999999994,0.9999999999999998,2021-11-09,313
SERC,Mud,2A,NA,38.887275945,-76.5621568975,0.2935,2021,3,16,0.01,294.9999999999999,0.9999999999999998,2021-03-16,75
SERC,Mud,2A,NA,38.887275945,-76.5621568975,0.2935,2021,3,26,0.01,11.99999999999992,0.9999999999999998,2021-03-26,85
SERC,Mud,2A,NA,38.887275945,-76.5621568975,0.2935,2021,3,30,0.01,132.99999999999997,0.9999999999999998,2021-03-30,89
SERC,Mud,2A,NA,38.887275945,-76.5621568975,0.2935,2021,4,6,0.01,182.99999999999997,1.732050807568877,2021-04-06,96
SERC,Mud,2A,NA,38.887275945,-76.5621568975,0.2935,2021,4,14,0.01,409.9999999999999,1.4142135623730947,2021-04-14,104
SERC,Mud,2A,NA,38.887275945,-76.5621568975,0.2935,2021,4,20,0.01,192.99999999999994,1.4142135623730947,2021-04-20,110
SERC,Mud,2A,NA,38.887275945,-76.5621568975,0.2935,2021,4,28,0.01,453.99999999999983,1.4142135623730947,2021-04-28,118
SERC,Mud,2A,NA,38.887275945,-76.5621568975,0.2935,2021,5,4,0.01,346.99999999999994,1.4142135623730947,2021-05-04,124
SERC,Mud,2A,NA,38.887275945,-76.5621568975,0.2935,2021,5,12,0.01,389.99999999999983,1.9999999999999996,2021-05-12,132
SERC,Mud,2A,NA,38.887275945,-76.5621568975,0.2935,2021,5,18,0.01,79.99999999999997,1.732050807568877,2021-05-18,138
SERC,Mud,2A,NA,38.887275945,-76.5621568975,0.2935,2021,5,28,0.01,2212.9999999999995,0.9999999999999998,2021-05-28,148
SERC,Mud,2A,NA,38.887275945,-76.5621568975,0.2935,2021,6,2,0.01,3759.9999999999986,1.732050807568877,2021-06-02,153
SERC,Mud,2A,NA,38.887275945,-76.5621568975,0.2935,2021,6,8,0.01,2896.9999999999995,1.4142135623730947,2021-06-08,159
SERC,Mud,2A,NA,38.887275945,-76.5621568975,0.2935,2021,6,23,0.01,1508.9999999999995,1.4142135623730947,2021-06-23,174
SERC,Mud,2A,NA,38.887275945,-76.5621568975,0.2935,2021,7,16,0.01,2094.9999999999995,1.4142135623730947,2021-07-16,197
SERC,Mud,2A,NA,38.887275945,-76.5621568975,0.2935,2021,8,20,0.01,1326.9999999999998,0.9999999999999998,2021-08-20,232
SERC,Mud,2A,NA,38.887275945,-76.5621568975,0.2935,2021,10,15,0.01,132,0.9999999999999998,2021-10-15,288
SERC,Mud,2A,NA,38.887275945,-76.5621568975,0.2935,2021,11,9,0.01,450.9999999999999,0.9999999999999998,2021-11-09,313
SERC,Mud,2A,NA,38.88728496,-76.56215233750001,0.2495,2022,3,15,0.01,1.999999999999957,0.9999999999999998,2022-03-15,74
SERC,Mud,2A,NA,38.88728496,-76.56215233750001,0.2495,2022,3,30,0.01,71.00000000000007,0.9999999999999998,2022-03-30,89
SERC,Mud,2A,NA,38.88728496,-76.56215233750001,0.2495,2022,4,12,0.01,0,0.9999999999999998,2022-04-12,102
SERC,Mud,2A,NA,38.88728496,-76.56215233750001,0.2495,2022,4,26,0.01,4.999999999999981,0.9999999999999998,2022-04-26,116
SERC,Mud,2A,NA,38.88728496,-76.56215233750001,0.2495,2022,5,18,0.01,134.99999999999994,1.732050807568877,2022-05-18,138
SERC,Mud,2A,NA,38.88728496,-76.56215233750001,0.2495,2022,6,13,0.01,206.9999999999999,0.9999999999999998,2022-06-13,164
SERC,Mud,2A,NA,38.88728496,-76.56215233750001,0.2495,2022,6,28,0.01,554,0.9999999999999998,2022-06-28,179
SERC,Mud,2A,NA,38.88728496,-76.56215233750001,0.2495,2022,7,19,0.01,2014.9999999999995,0.9999999999999998,2022-07-19,200
SERC,Mud,2A,NA,38.88728496,-76.56215233750001,0.2495,2022,8,18,0.01,2616.999999999999,1.732050807568877,2022-08-18,230
SERC,Mud,2A,NA,38.88728496,-76.56215233750001,0.2495,2022,9,19,0.01,1131.9999999999995,1.4142135623730947,2022-09-19,262
SERC,Mud,2A,NA,38.88728496,-76.56215233750001,0.2495,2022,10,23,0.01,988,0.9999999999999998,2022-10-23,296
SERC,Mud,2A,NA,38.88728496,-76.56215233750001,0.2495,2022,11,19,0.01,132.9999999999999,1.4142135623730947,2022-11-19,323
SERC,Mud,2A,NA,NA,NA,NA,2020,8,18,0.01,125.99999999999996,0.9999999999999998,2020-08-18,231
SERC,Mud,2B,NA,38.8872813675,-76.5621541475,0.3275,2021,3,16,0.01,139.99999999999983,0.9999999999999998,2021-03-16,75
SERC,Mud,2B,NA,38.8872813675,-76.5621541475,0.3275,2021,3,26,0.01,42.999999999999964,0.9999999999999998,2021-03-26,85
SERC,Mud,2B,NA,38.8872813675,-76.5621541475,0.3275,2021,3,30,0.01,80.99999999999994,1.732050807568877,2021-03-30,89
SERC,Mud,2B,NA,38.8872813675,-76.5621541475,0.3275,2021,4,6,0.01,24.000000000000018,0.9999999999999998,2021-04-06,96
SERC,Mud,2B,NA,38.8872813675,-76.5621541475,0.3275,2021,4,14,0.01,176.99999999999994,1.4142135623730947,2021-04-14,104
SERC,Mud,2B,NA,38.8872813675,-76.5621541475,0.3275,2021,4,20,0.01,434,0.9999999999999998,2021-04-20,110
SERC,Mud,2B,NA,38.8872813675,-76.5621541475,0.3275,2021,4,28,0.01,367,1.4142135623730947,2021-04-28,118
SERC,Mud,2B,NA,38.8872813675,-76.5621541475,0.3275,2021,5,4,0.01,519.9999999999999,1.4142135623730947,2021-05-04,124
SERC,Mud,2B,NA,38.8872813675,-76.5621541475,0.3275,2021,5,12,0.01,598.9999999999998,0.9999999999999998,2021-05-12,132
SERC,Mud,2B,NA,38.8872813675,-76.5621541475,0.3275,2021,5,18,0.01,474.9999999999999,0.9999999999999998,2021-05-18,138
SERC,Mud,2B,NA,38.8872813675,-76.5621541475,0.3275,2021,5,28,0.01,714.9999999999999,0.9999999999999998,2021-05-28,148
SERC,Mud,2B,NA,38.8872813675,-76.5621541475,0.3275,2021,6,2,0.01,840.9999999999999,1.4142135623730947,2021-06-02,153
SERC,Mud,2B,NA,38.8872813675,-76.5621541475,0.3275,2021,6,8,0.01,1207.9999999999998,1.9999999999999996,2021-06-08,159
SERC,Mud,2B,NA,38.8872813675,-76.5621541475,0.3275,2021,6,23,0.01,1076.9999999999998,0.9999999999999998,2021-06-23,174
SERC,Mud,2B,NA,38.8872813675,-76.5621541475,0.3275,2021,7,16,0.01,1657.9999999999998,1.4142135623730947,2021-07-16,197
SERC,Mud,2B,NA,38.8872813675,-76.5621541475,0.3275,2021,8,20,0.01,547.9999999999999,0.9999999999999998,2021-08-20,232
SERC,Mud,2B,NA,38.8872813675,-76.5621541475,0.3275,2021,9,16,0.01,1899,0.9999999999999998,2021-09-16,259
SERC,Mud,2B,NA,38.8872813675,-76.5621541475,0.3275,2021,10,15,0.01,165,1.4142135623730947,2021-10-15,288
SERC,Mud,2B,NA,38.8872813675,-76.5621541475,0.3275,2021,11,9,0.01,243.99999999999991,0.9999999999999998,2021-11-09,313
SERC,Mud,2B,NA,38.88729623,-76.5621474825,0.2905,2022,3,15,0.01,122.00000000000004,0.9999999999999998,2022-03-15,74
SERC,Mud,2B,NA,38.88729623,-76.5621474825,0.2905,2022,3,30,0.01,27.000000000000043,1.4142135623730947,2022-03-30,89
SERC,Mud,2B,NA,38.88729623,-76.5621474825,0.2905,2022,4,12,0.01,0,1.4142135623730947,2022-04-12,102
SERC,Mud,2B,NA,38.88729623,-76.5621474825,0.2905,2022,5,18,0.01,232.9999999999999,1.732050807568877,2022-05-18,138
SERC,Mud,2B,NA,38.88729623,-76.5621474825,0.2905,2022,6,13,0.01,917.9999999999999,1.732050807568877,2022-06-13,164
SERC,Mud,2B,NA,38.88729623,-76.5621474825,0.2905,2022,6,28,0.01,328.00000000000017,1.4142135623730947,2022-06-28,179
SERC,Mud,2B,NA,38.88729623,-76.5621474825,0.2905,2022,7,19,0.01,3918.999999999999,1.9999999999999996,2022-07-19,200
SERC,Mud,2B,NA,38.88729623,-76.5621474825,0.2905,2022,8,18,0.01,2805.9999999999995,0.9999999999999998,2022-08-18,230
SERC,Mud,2B,NA,38.88729623,-76.5621474825,0.2905,2022,10,23,0.01,201.99999999999991,0.9999999999999998,2022-10-23,296
SERC,Mud,2B,NA,38.88729623,-76.5621474825,0.2905,2022,11,19,0.01,361.99999999999994,1.4142135623730947,2022-11-19,323
